GPS Time, Device Time, Longitude, Latitude,GPS Speed (Meters/second), Horizontal Dilution of Precision, Altitude, Bearing, Absolute Throttle Position B(%),Air Fuel Ratio(Measured)(:1),Engine Coolant Temperature(°F),Engine kW (At the wheels)(kW),Engine Load(%),Engine RPM(rpm),Fuel Trim Bank 1 Long Term(%),Fuel Trim Bank 1 Short Term(%),Fuel trim Bank 1 Sensor 2(%),Horsepower (At the wheels)(hp),Intake Air Temperature(°F),Mass Air Flow Rate(cfm),O2 Sensor1 Wide Range Current(mA),O2 Bank 1 Sensor 1 Wide Range Equivalence Ratio(λ),O2 Bank 1 Sensor 2 Voltage(V),Speed (OBD)(mph),Throttle Position(Manifold)(%),Timing Advance(°),Torque(ft-lb),Turbo Boost & Vacuum Gauge(psi),Fuel trim bank 1 sensor 1(%),Fuel trim bank 1 sensor 2(%),O2 Volts Bank 1 sensor 1(V),O2 Volts Bank 1 sensor 2(V)
Thu Dec 21 04:19:41 PST 2023,21-Dec-2023 04:19:43.784,-122.25506553729036,47.24348209838496,26.772302627563477,4.00847053527832,-6.678002570230589,344.6500549316406,-,18.35,188.6,-,21.96,2495.75,2.34,0,-,-,48.2,302.81,0.47,1.25,0.05,59.65,25.49,37.5,-,-5.89,-,-,-,0.05
Thu Dec 21 04:19:43 PST 2023,21-Dec-2023 04:19:45.450,-122.25523862583995,47.24395515933137,26.71600341796875,3.8721346855163574,-6.27764121050456,345.88409423828125,-,18.45,188.6,6.99,22.35,2571,2.34,0,-,9.37,48.2,298.8,0.48,1.26,0.04,60.27,25.1,39,19.15,-5.96,-,-,-,0.04
Thu Dec 21 04:19:45 PST 2023,21-Dec-2023 04:19:47.026,-122.25538964292681,47.24444079417278,27.36150550842285,3.8721461296081543,-7.744200497008393,347.75384521484375,-,17.78,188.6,6.61,23.14,2577.75,2.34,0,-,8.87,48.2,300.8,0.43,1.21,0.04,60.89,74.12,29,18.06,-6.16,-,-,-,0.04
Thu Dec 21 04:19:46 PST 2023,21-Dec-2023 04:19:48.670,-122.25546203657427,47.24468655281584,27.880155563354492,3.8721518516540527,-8.735581454404274,347.9521789550781,-,17.88,188.6,21.9,32.94,2595.5,2.34,0,-,29.37,50,437.17,0.43,1.22,0.04,62.76,66.67,28.5,59.43,-2.32,-,-,-,0.04
Thu Dec 21 04:19:48 PST 2023,21-Dec-2023 04:19:50.434,-122.25561080638653,47.24518721521305,28.72583770751953,4.552547454833984,-10.89582911378085,348.2482604980469,-,17.88,188.6,14,33.33,2713,2.34,0,-,18.78,50,445.19,0.43,1.22,0.05,64,64.71,27,36.35,-2.14,-,-,-,0.05
Thu Dec 21 04:19:50 PST 2023,21-Dec-2023 04:19:52.013,-122.25576625560917,47.24570381112287,29.50279426574707,4.5521392822265625,-11.981416109530741,348.09124755859375,-,17.35,190.4,21.62,34.12,2762,2.34,0,-,28.99,51.8,445.19,0.38,1.18,0.05,65.87,40.39,29,55.12,-2.68,-,-,-,0.05
Thu Dec 21 04:19:51 PST 2023,21-Dec-2023 04:19:53.679,-122.25584981566512,47.24596884579255,29.8789119720459,4.551934719085693,-11.88389925377922,348.341064453125,-,18.66,190.4,15.36,34.12,2796,2.34,0,-,20.6,51.8,451.2,0.5,1.27,0.05,67.11,23.92,37.5,38.7,-2.69,-,-,-,0.05
Thu Dec 21 04:19:53 PST 2023,21-Dec-2023 04:19:55.444,-122.25601288957665,47.246498951240596,30.21361541748047,4.009778022766113,-11.88513376047626,347.9393310546875,-,20.41,190.4,15.36,12.55,2834.5,2.34,0,-,20.6,51.8,276.74,0.65,1.39,0.08,67.11,16.86,46.5,38.7,-7.42,-,-,-,0.08
Thu Dec 21 04:19:55 PST 2023,21-Dec-2023 04:19:57.107,-122.25617439677707,47.247018731436576,29.13050079345703,3.8722026348114014,-11.371812265534173,348.3087463378906,-,19.38,190.4,-,8.63,2750.25,2.34,0,-,-,50,82.22,0.56,1.32,0.05,65.87,20.39,46.5,-,-12.57,-,-,-,0.05
Thu Dec 21 04:19:56 PST 2023,21-Dec-2023 04:19:58.798,-122.25625310838933,47.24727156227169,28.556415557861328,3.8722081184387207,-10.57585583995295,348.38555908203125,-,20.15,192.2,-,10.59,2693,2.34,0,-,-,50,150.4,0.63,1.37,0.05,64,19.61,46.5,-,-10.69,-,-,-,0.05
Thu Dec 21 04:19:58 PST 2023,21-Dec-2023 04:20:00.508,-122.25640709290882,47.24776450721326,28.261688232421875,3.872218608856201,-9.352261491370465,347.89483642578125,-,17.19,192.2,-,30.2,2677,2.34,0,-,-,50,407.09,0.36,1.17,0.05,63.38,38.82,30.5,-,-3.63,-,-,-,0.05
Thu Dec 21 04:20:00 PST 2023,21-Dec-2023 04:20:02.224,-122.25655892865804,47.24827045888222,28.558324813842773,3.8722288608551025,-8.324913370766016,348.14227294921875,-,18.2,192.2,6.87,23.53,2670,2.34,0,-,9.22,50,300.8,0.46,1.24,0.05,64,25.49,38,18.13,-6.47,-,-,-,0.05
Thu Dec 21 04:20:02 PST 2023,21-Dec-2023 04:20:04.087,-122.25671496771986,47.248774920417695,28.655683517456055,3.872239589691162,-7.413015177307216,348.1530456542969,-,18.04,192.2,6.87,23.53,2670,2.34,0,-,9.22,50,302.81,0.45,1.23,0.05,64,26.67,37.5,18.13,-6.39,-,-,-,0.05
Thu Dec 21 04:20:04 PST 2023,21-Dec-2023 04:20:06.530,-122.25687822006624,47.24928569665343,28.88555145263672,3.8722496032714844,-7.479841409561297,348.40997314453125,-,18.97,192.2,6.87,25.1,2732.25,2.34,0,-,9.22,50,332.89,0.52,1.29,0.05,65.24,18.82,45.5,-,-5.57,-,-,-,0.05
Thu Dec 21 04:20:06 PST 2023,21-Dec-2023 04:20:08.810,-122.25703086915041,47.24979410959521,28.764793395996094,3.8722598552703857,-6.330641407089617,348.06695556640625,-,29.38,192.2,-,23.53,2713.25,2.34,0,-,-,50,350.94,1.67,2,0.05,64,16.47,33.5,-,-5.29,-,-,-,0.05
Thu Dec 21 04:20:09 PST 2023,21-Dec-2023 04:20:11.130,-122.25725284748802,47.250533114446995,27.38129234313965,3.872274875640869,-5.201108820089628,348.3514099121094,-,19.69,192.2,-,5.49,2605,2.34,0,-,-,48.2,50.13,0.59,1.34,0.04,62.14,19.61,46.5,-,-13.35,-,-,-,0.04
Thu Dec 21 04:20:11 PST 2023,21-Dec-2023 04:20:13.570,-122.257408364194,47.25101043109871,27.24765968322754,3.872283935546875,-5.81343503469772,347.81170654296875,-,18.2,192.2,-,12.94,2570.5,2.34,0,-,-,48.2,154.41,0.45,1.24,0.05,60.89,20.39,45,-,-10.37,-,-,-,0.05
Thu Dec 21 04:20:13 PST 2023,21-Dec-2023 04:20:15.975,-122.25756061890284,47.251490828862075,27.209739685058594,3.8722939491271973,-6.75518362129901,348.3248291015625,-,17.99,190.4,-,15.69,2575.75,2.34,0,-,-,48.2,206.55,0.43,1.22,0.04,60.89,21.57,43.5,-,-8.83,-,-,-,0.04
Thu Dec 21 04:20:16 PST 2023,21-Dec-2023 04:20:18.243,-122.25778024850872,47.25221020579155,27.451080322265625,3.872307538986206,-6.083500584590923,347.960693359375,-,18.3,190.4,-,15.69,2592,2.34,0,-,-,48.2,214.57,0.46,1.24,0.04,60.89,22.35,42.5,-,-8.62,-,-,-,0.04
Thu Dec 21 04:20:18 PST 2023,21-Dec-2023 04:20:20.558,-122.25793094520171,47.25270026508453,27.69976806640625,3.87231707572937,-6.259384169196283,347.8089599609375,-,29.38,190.4,10.45,5.88,2598.25,2.34,0,-,14.02,48.2,220.59,2.28,2,0.04,62.14,15.29,0.5,28.33,-8.49,-,-,-,0.04
Thu Dec 21 04:20:20 PST 2023,21-Dec-2023 04:20:22.896,-122.25808610596003,47.25318105910128,27.245594024658203,3.8723256587982178,-7.033336748150325,348.008056640625,-,19.02,188.6,10.45,14.51,2551.5,2.34,0,-,14.02,48.2,178.48,0.53,1.29,0.04,60.89,22.35,42.5,28.33,-9.69,-,-,-,0.04
Thu Dec 21 04:20:23 PST 2023,21-Dec-2023 04:20:25.026,-122.25831196238826,47.25391205785264,27.665746688842773,3.8723394870758057,-9.1028925424259,348.10321044921875,-,18.25,188.6,10.11,16.47,2577.5,2.34,0,-,13.56,48.2,214.57,0.46,1.24,0.05,62.14,22.75,43.5,27.62,-8.56,-,-,-,0.05
Thu Dec 21 04:20:25 PST 2023,21-Dec-2023 04:20:27.206,-122.25846082061305,47.25441010072981,28.02317237854004,3.872347831726074,-10.480682715811076,348.1668701171875,-,18.5,188.6,10.11,17.25,2607.25,2.34,0,-,13.56,48.2,228.61,0.48,1.26,0.04,62.14,22.75,42.5,27.62,-8.23,-,-,-,0.04
Thu Dec 21 04:20:27 PST 2023,21-Dec-2023 04:20:29.425,-122.25861181801422,47.25490768955738,28.289369583129883,3.872356653213501,-11.40132300492124,348.2041015625,-,18.5,188.6,10.49,16.86,2644.5,2.34,0,-,14.06,48.2,226.6,0.48,1.26,0.04,63.38,22.35,43.5,27.93,-8.36,-,-,-,0.04
Thu Dec 21 04:20:29 PST 2023,21-Dec-2023 04:20:31.647,-122.25876021808723,47.255403727178404,28.432889938354492,3.8723647594451904,-12.087665960172417,348.1020202636719,-,18.55,188.6,10.49,17.25,2685.5,2.34,0,-,14.06,48.2,230.61,0.48,1.26,0.04,63.38,22.75,42.5,27.93,-8.33,-,-,-,0.04
Thu Dec 21 04:20:31 PST 2023,21-Dec-2023 04:20:33.837,-122.25891674358488,47.255910365912705,28.688095092773438,3.872373104095459,-13.478305199316909,348.1388244628906,-,17.88,188.6,5.4,18.04,2688.5,2.34,0,-,7.25,48.2,246.66,0.43,1.22,0.05,64,20.39,45,14.16,-8,-,-,-,0.05
Thu Dec 21 04:20:34 PST 2023,21-Dec-2023 04:20:35.979,-122.25915809802994,47.25665697510843,27.991100311279297,4.543251037597656,-13.936534039463002,347.85772705078125,-,29.38,188.6,5.4,3.92,2654.75,2.34,0,-,7.25,48.2,68.18,2.32,2,0.03,63.38,15.69,1.5,14.16,-12.85,-,-,-,0.03
Thu Dec 21 04:20:36 PST 2023,21-Dec-2023 04:20:38.307,-122.25931101007103,47.25713708371372,26.753929138183594,4.54285192489624,-14.424965132343319,348.47802734375,-,23.18,190.4,-,5.49,2566.5,2.34,0,-,-,48.2,52.14,0.85,1.58,0.04,60.89,16.86,15,-,-13.27,-,-,-,0.04
Thu Dec 21 04:20:38 PST 2023,21-Dec-2023 04:20:40.591,-122.25945179847764,47.25760413312984,26.412189483642578,4.542453765869141,-14.38577065744004,348.2261657714844,-,18.76,190.4,-,11.37,2492.5,2.34,0,-,-,48.2,146.39,0.5,1.28,0.05,59.65,19.61,45.5,-,-10.54,-,-,-,0.05
Thu Dec 21 04:20:40 PST 2023,21-Dec-2023 04:20:42.874,-122.25959539911662,47.25806477143285,26.250133514404297,4.542055130004883,-14.361303550869254,347.8255310058594,-,18.35,190.4,-,23.53,2489.5,2.34,0,-,-,48.2,264.71,0.47,1.25,0.05,59.03,25.49,36,-,-6.95,-,-,-,0.05
Thu Dec 21 04:20:43 PST 2023,21-Dec-2023 04:20:45.095,-122.25982992595515,47.25876932994129,26.877878189086914,4.5414581298828125,-14.649162056259515,347.0696716308594,-,17.31,190.4,10.18,21.96,2514.75,2.34,0,-,13.66,48.2,300.8,0.36,1.18,0.05,60.27,21.57,45,28.52,-5.88,-,-,-,0.05
Thu Dec 21 04:20:45 PST 2023,21-Dec-2023 04:20:47.351,-122.25998432674697,47.259240842082626,26.877361297607422,3.8724260330200195,-13.943988546109889,347.6190185546875,-,18.14,190.4,10.18,14.9,2523.5,2.34,0,-,13.66,48.2,198.53,0.45,1.23,0.05,59.65,23.53,42,28.52,-8.94,-,-,-,0.05
Thu Dec 21 04:20:47 PST 2023,21-Dec-2023 04:20:49.582,-122.26013232330352,47.259710449938375,26.721622467041016,3.8724331855773926,-13.611344539970064,347.7403259277344,-,18.14,190.4,-,20,2533.5,2.34,0,-,-,48.2,256.68,0.45,1.23,0.05,59.65,24.31,39.5,-,-7.28,-,-,-,0.05
Thu Dec 21 04:20:49 PST 2023,21-Dec-2023 04:20:51.883,-122.26028293838051,47.260183395583816,26.749780654907227,3.8724400997161865,-13.226464267010778,347.2906494140625,-,18.61,190.4,4.97,20,2528,2.34,0,-,6.66,48.2,268.72,0.49,1.27,0.04,60.27,23.92,40.5,13.84,-6.96,-,-,-,0.04
Thu Dec 21 04:20:52 PST 2023,21-Dec-2023 04:20:54.241,-122.26051737657289,47.26088906574881,26.91721534729004,3.8724498748779297,-12.439623016181669,347.0471496582031,-,17.94,190.4,4.97,19.22,2546,2.34,0,-,6.66,48.2,266.71,0.43,1.22,0.04,60.27,23.92,40.5,13.84,-7,-,-,-,0.04
Thu Dec 21 04:20:54 PST 2023,21-Dec-2023 04:20:56.575,-122.26067834494955,47.261361598108664,26.896425247192383,3.8724563121795654,-12.16685110800879,347.64483642578125,-,18.45,190.4,-,19.61,2539,2.34,0,-,-,48.2,264.71,0.48,1.26,0.04,60.27,23.92,40.5,-,-7.11,-,-,-,0.04
Thu Dec 21 04:20:56 PST 2023,21-Dec-2023 04:20:58.917,-122.26082780171897,47.26183315364027,26.85881233215332,3.872462749481201,-11.48687758502774,347.8123474121094,-,15.13,192.2,-,19.61,2511.75,2.34,0,-,-,50,264.71,0.08,1.03,0.05,60.27,23.14,40.5,-,-7.09,-,-,-,0.05
Thu Dec 21 04:20:59 PST 2023,21-Dec-2023 04:21:01.025,-122.26106467511323,47.26253774435418,26.215164184570312,3.872471809387207,-10.545364271395508,346.63714599609375,-,19.79,192.2,-,7.84,2511.5,2.34,0,-,-,48.2,110.29,0.6,1.35,0.04,59.65,18.82,45.5,-,-11.48,-,-,-,0.04
Thu Dec 21 04:21:01 PST 2023,21-Dec-2023 04:21:03.459,-122.26122442442008,47.262986567272534,25.841821670532227,3.8724777698516846,-9.252362895007153,346.9525146484375,-,17.94,192.2,-,26.67,2442.5,2.34,0,-,-,48.2,126.34,0.44,1.22,0.05,57.79,87.06,27,-,-11.03,-,-,-,0.05
Thu Dec 21 04:21:03 PST 2023,21-Dec-2023 04:21:05.639,-122.26136586708188,47.26344205566336,26.691452026367188,3.872483253479004,-5.535848052210757,347.9373779296875,-,18.3,192.2,9.82,52.16,3888,6.25,0,-,13.17,50,609.63,0.48,1.24,0.05,59.03,87.45,31.5,17.79,3.52,-,-,-,0.05
Thu Dec 21 04:21:05 PST 2023,21-Dec-2023 04:21:07.919,-122.26150978358197,47.263930241755865,28.545669555664062,3.888601779937744,-2.9607849516352767,348.815673828125,-,18.4,190.4,36.57,53.73,3909.25,6.25,0,-,49.04,53.6,713.9,0.5,1.25,0.05,63.38,87.45,32,65.89,-1.25,-,-,-,0.05
Thu Dec 21 04:21:08 PST 2023,21-Dec-2023 04:21:10.274,-122.2617286768226,47.264729757338436,30.76628875732422,3.8724961280822754,-0.5281761433165226,351.224365234375,-,18.4,190.4,31.92,58.43,4166.5,6.25,0,-,42.8,53.6,756.02,0.5,1.25,0.05,67.11,87.06,24.5,53.95,-0.43,-,-,-,0.05
Thu Dec 21 04:21:10 PST 2023,21-Dec-2023 04:21:12.638,-122.26180664468751,47.265301871208656,31.866384506225586,4.018121242523193,0.6929193056714456,357.7839050292969,-,18.25,194,27.78,36.08,3076.75,2.34,0,-,37.25,55.4,505.35,0.46,1.24,0.05,70.21,87.45,30,63.59,-5.75,-,-,-,0.05
Thu Dec 21 04:21:13 PST 2023,21-Dec-2023 04:21:15.109,-122.26170643867465,47.26618675323798,32.695770263671875,4.231321811676025,2.2147966684063634,8.112981796264648,-,18.25,194,27.78,37.25,3038.5,2.34,0,-,37.25,53.6,479.28,0.46,1.24,0.05,72.08,87.06,30.5,63.59,-3.17,-,-,-,0.05
Thu Dec 21 04:21:15 PST 2023,21-Dec-2023 04:21:17.561,-122.26152852978404,47.26676953478152,33.20589065551758,3.997553586959839,2.284511033627275,10.600799560546875,-,29.38,195.8,23.72,15.69,3089.75,2.34,0,-,31.81,53.6,519.39,1.94,2,0.05,74.56,16.08,5,54.07,-2.09,-,-,-,0.05
Thu Dec 21 04:21:18 PST 2023,21-Dec-2023 04:21:20.149,-122.26125665990895,47.26761161873115,31.66592025756836,3.8725099563598633,1.8043131169119657,13.909226417541504,-,18.35,195.8,23.72,14.51,3009.5,2.34,0,-,31.81,53.6,64.17,0.46,1.25,0.05,72.08,21.57,45,54.07,-13.17,-,-,-,0.05
Thu Dec 21 04:21:20 PST 2023,21-Dec-2023 04:21:22.567,-122.2610172782794,47.268143514468655,31.289064407348633,3.9069180488586426,1.687640069482913,15.707818031311035,-,19.33,192.2,-,6.27,2955,2.34,0,-,-,53.6,98.26,0.55,1.31,0.04,70.21,18.82,46.5,-,-12.29,-,-,-,0.04
Thu Dec 21 04:21:23 PST 2023,21-Dec-2023 04:21:24.978,-122.2606734211286,47.26893201960455,30.385194778442383,3.9034957885742188,0.853880356909597,15.29172134399414,-,29.38,188.6,-,13.73,2857,2.34,0,-,-,51.8,184.49,2.12,2,0.04,68.35,15.69,7.5,-,-10.09,-,-,-,0.04
Thu Dec 21 04:21:25 PST 2023,21-Dec-2023 04:21:27.399,-122.26046872388,47.26944830446981,29.275251388549805,3.9511518478393555,1.0799085176437866,15.637096405029297,-,19.18,188.6,-,6.27,2780.5,2.34,0,-,-,51.8,58.16,0.54,1.3,0.04,66.49,19.61,46.5,-,-13.2,-,-,-,0.04
Thu Dec 21 04:21:27 PST 2023,21-Dec-2023 04:21:29.851,-122.2602681626959,47.269954227411716,28.885746002197266,3.8725101947784424,1.8548156576216854,15.174600601196289,-,17.47,188.6,-,14.9,2727.5,2.34,0,-,-,50,218.58,0.38,1.19,0.05,65.24,21.57,45,-,-8.92,-,-,-,0.05
Thu Dec 21 04:21:30 PST 2023,21-Dec-2023 04:21:32.428,-122.25995864063572,47.27068968165865,28.277938842773438,3.8725101947784424,2.260057155671369,15.43210506439209,-,17.14,188.6,-,16.08,2706,2.34,0,-,-,50,166.44,0.35,1.17,0.05,63.38,21.18,44,-,-10.23,-,-,-,0.05
Thu Dec 21 04:21:32 PST 2023,21-Dec-2023 04:21:34.936,-122.25976814799891,47.27117821150178,27.924386978149414,4.140141487121582,2.326490425595735,15.07895565032959,-,18.3,188.6,-,14.12,2625.25,2.34,0,-,-,50,136.36,0.46,1.24,0.04,62.76,21.18,45,-,-11.01,-,-,-,0.04
Thu Dec 21 04:21:35 PST 2023,21-Dec-2023 04:21:37.256,-122.25946529818134,47.27188693570964,27.185890197753906,3.872509241104126,2.5176514768351854,15.708250045776367,-,18.76,188.6,-,7.84,2564.5,2.34,0,-,-,50,84.22,0.5,1.28,0.04,60.89,20.78,46.5,-,-12.35,-,-,-,0.04
Thu Dec 21 04:21:37 PST 2023,21-Dec-2023 04:21:39.525,-122.25927199175307,47.27234953716838,26.868261337280273,4.018636703491211,4.377476310496231,15.78018856048584,-,18.25,190.4,-,16.47,2522,2.34,0,-,-,50,218.58,0.46,1.24,0.04,60.27,23.53,42,-,-8.46,-,-,-,0.04
Thu Dec 21 04:21:39 PST 2023,21-Dec-2023 04:21:41.838,-122.25908343282185,47.27281315480317,26.682056427001953,4.271353721618652,5.114513137863103,15.829108238220215,-,17.73,190.4,-,21.18,2517.75,2.34,0,-,-,48.2,264.71,0.41,1.21,0.04,60.27,23.14,37.5,-,-7.01,-,-,-,0.04
Thu Dec 21 04:21:42 PST 2023,21-Dec-2023 04:21:44.301,-122.25879816106647,47.27352728788488,27.479921340942383,4.23748779296875,6.590295286291907,14.287066459655762,-,18.2,192.2,4.6,19.61,2538.5,2.34,0,-,6.18,50,272.73,0.45,1.24,0.04,60.89,23.92,42,12.78,-6.79,-,-,-,0.04
Thu Dec 21 04:21:44 PST 2023,21-Dec-2023 04:21:46.817,-122.25862931202562,47.27400677640025,27.480180740356445,4.049199104309082,6.672854847603057,12.392095565795898,-,17.19,192.2,4.6,20.78,2564,2.34,0,-,6.18,50,268.72,0.35,1.17,0.04,60.89,25.1,39,12.78,-6.95,-,-,-,0.04
Thu Dec 21 04:22:32 PST 2023,21-Dec-2023 04:22:34.888,-122.25805167468621,47.285836200508115,27.404376983642578,4.026758193969727,1.7148405305415872,2.6660332679748535,-,29.38,192.2,3.33,17.25,2607.5,2.34,0,-,4.46,48.2,220.59,2.18,2,0.04,62.14,15.29,0.5,27,-8.4,-,-,-,0.04
Thu Dec 21 04:22:35 PST 2023,21-Dec-2023 04:22:37.367,-122.25801961941369,47.28655782540492,26.33240509033203,4.09074068069458,1.9215528313387435,1.3887791633605957,-,29.38,190.4,3.33,5.88,2510.75,2.34,0,-,4.46,48.2,104.28,2.3,2,0.03,59.65,15.69,0,-,-11.78,-,-,-,0.03
Thu Dec 21 04:22:37 PST 2023,21-Dec-2023 04:22:39.750,-122.25801528849206,47.28701935344414,25.090553283691406,4.731700897216797,1.95271354454692,1.338333010673523,-,29.38,190.4,-,3.53,2404,2.34,0,-,-,48.2,48.13,2.39,2,0.02,57.17,15.29,-1,-,-13.3,-,-,-,0.02
Thu Dec 21 04:22:40 PST 2023,21-Dec-2023 04:22:42.214,-122.25799314446513,47.28767307316358,24.64321517944336,4.551431179046631,1.042561308480557,1.0587047338485718,-,18.66,190.4,-,14.12,2306,2.34,0,-,-,48.2,160.43,0.5,1.27,0.05,54.68,22.75,39,-,-9.83,-,-,-,0.05
Thu Dec 21 04:22:42 PST 2023,21-Dec-2023 04:22:44.660,-122.25798042262218,47.288122305861364,25.251710891723633,4.448714256286621,1.3349481551870113,0.9416669607162476,-,18.71,188.6,-,11.37,2330,2.34,0,-,-,48.2,298.8,0.5,1.27,0.05,55.92,18.82,45.5,-,-5.24,-,-,-,0.05
Thu Dec 21 04:22:45 PST 2023,21-Dec-2023 04:22:47.090,-122.25798229685304,47.288800133094455,24.92668914794922,4.785794258117676,2.0924156681712454,0.6003693342208862,-,18.92,188.6,-,15.69,2355.5,2.34,0,-,-,48.2,212.57,0.52,1.29,0.05,55.92,22.75,40.5,-,-8.04,-,-,-,0.05
Thu Dec 21 04:22:47 PST 2023,21-Dec-2023 04:22:49.580,-122.25797139427596,47.289254925866985,25.461841583251953,4.517307281494141,1.560945362477377,0.8529092073440552,-,17.88,188.6,4.3,18.43,2380.25,2.34,0,-,5.76,48.2,324.87,0.43,1.22,0.05,56.54,21.18,42.5,12.72,-4.63,-,-,-,0.05
Thu Dec 21 04:22:49 PST 2023,21-Dec-2023 04:22:51.972,-122.25796219736736,47.289718483404165,25.447742462158203,4.516929626464844,1.0545197766532268,0.9793922305107117,-,17.99,188.6,4.3,15.29,2397,2.34,0,-,5.76,48.2,194.52,0.43,1.22,0.05,57.17,21.57,42.5,12.72,-8.73,-,-,-,0.05
Thu Dec 21 04:22:52 PST 2023,21-Dec-2023 04:22:54.244,-122.25794489209638,47.29040895044309,25.713581085205078,4.516361713409424,-1.1123643834200747,0.3978463113307953,-,18.5,188.6,-,15.69,2422.5,2.34,0,-,-,48.2,202.54,0.48,1.26,0.05,57.17,21.96,42,-,-8.53,-,-,-,0.05
Thu Dec 21 04:22:54 PST 2023,21-Dec-2023 04:22:56.653,-122.25794121475504,47.2908753835222,26.005950927734375,4.51598596572876,-1.5426493538679003,0.2839437425136566,-,17.83,188.6,-,16.08,2400.25,2.34,0,-,-,48.2,208.56,0.43,1.21,0.05,57.17,24.31,39.5,-,-8.42,-,-,-,0.05
Thu Dec 21 04:22:57 PST 2023,21-Dec-2023 04:22:59.039,-122.25790164943805,47.2915764638156,26.632719039916992,4.731851577758789,-0.09315984389500087,2.227703332901001,-,18.5,188.6,14.44,25.1,2446,2.34,0,-,19.36,48.2,350.94,0.48,1.26,0.05,59.03,24.71,37.5,41.57,-4.03,-,-,-,0.05
Thu Dec 21 04:22:59 PST 2023,21-Dec-2023 04:23:01.276,-122.25783936294994,47.29206100715465,27.171512603759766,4.515041828155518,-0.8778079312372484,5.039901256561279,-,17.83,190.4,9.43,21.96,2541.25,2.34,0,-,12.65,48.2,294.79,0.43,1.21,0.05,60.27,25.1,39,26.15,-5.9,-,-,-,0.05
Thu Dec 21 04:23:01 PST 2023,21-Dec-2023 04:23:03.501,-122.25776134234113,47.29255252073754,27.35518455505371,4.2149271965026855,-0.14967281426650655,5.938769817352295,-,18.5,190.4,15.97,20.78,2584.75,2.34,0,-,21.42,48.2,286.76,0.48,1.26,0.05,62.14,18.82,46.5,43.53,-6.46,-,-,-,0.05
Thu Dec 21 04:23:03 PST 2023,21-Dec-2023 04:23:05.933,-122.25769403482542,47.29304264904812,27.698911666870117,4.135403633117676,-0.16549331573735926,6.539689064025879,-,18.81,190.4,15.97,12.55,2573,2.34,0,-,21.42,48.2,140.37,0.51,1.28,0.05,60.89,18.43,46.5,43.53,-10.74,-,-,-,0.05
Thu Dec 21 04:23:06 PST 2023,21-Dec-2023 04:23:08.512,-122.25748260430862,47.29376209693186,26.90538215637207,4.300950527191162,0.462067471671696,10.101005554199219,-,18.2,190.4,-,9.8,2527.5,2.34,0,-,-,48.2,116.31,0.45,1.24,0.05,59.65,20.78,45,-,-11.4,-,-,-,0.05
Thu Dec 21 04:23:08 PST 2023,21-Dec-2023 04:23:10.945,-122.25734438381785,47.29423119307241,26.521024703979492,4.375690937042236,-0.4321819777553234,11.556496620178223,-,18.71,192.2,-,16.86,2507.5,2.34,0,-,-,48.2,210.56,0.5,1.27,0.05,59.65,22.35,40.5,-,-8.62,-,-,-,0.05
Thu Dec 21 04:23:11 PST 2023,21-Dec-2023 04:23:13.352,-122.25707218024633,47.29493373055265,26.786481857299805,4.030828952789307,-2.6180394744472255,15.004801750183105,-,18.4,190.4,-,16.86,2514,2.34,0,-,-,48.2,228.61,0.47,1.25,0.05,59.65,22.75,42,-,-8.05,-,-,-,0.05
Thu Dec 21 04:23:13 PST 2023,21-Dec-2023 04:23:15.742,-122.25687138479552,47.295394030982926,26.914581298828125,4.031033992767334,-3.25470687642489,16.94481658935547,-,17.83,190.4,4.74,21.96,2537.75,2.34,0,-,6.35,48.2,296.79,0.43,1.21,0.05,60.27,25.1,39,13.14,-6.08,-,-,-,0.05
Thu Dec 21 04:23:16 PST 2023,21-Dec-2023 04:23:18.176,-122.25651918258706,47.29609003661434,27.385093688964844,4.369097709655762,-3.0601911719903607,20.34311294555664,-,18.09,190.4,4.64,16.86,2579.5,2.34,0,-,6.22,48.2,300.8,0.45,1.23,0.05,60.89,22.35,42.5,12.67,-6.05,-,-,-,0.05
Thu Dec 21 04:23:18 PST 2023,21-Dec-2023 04:23:20.615,-122.25626014445285,47.296547907307136,27.192779541015625,4.031544208526611,-2.9051840722504823,21.995655059814453,-,18.81,190.4,4.64,16.86,2547,2.34,0,-,6.22,48.2,218.58,0.51,1.28,0.04,60.89,22.35,42.5,12.67,-8.51,-,-,-,0.04
Thu Dec 21 04:23:21 PST 2023,21-Dec-2023 04:23:23.097,-122.25582494489552,47.29721811805248,27.251882553100586,3.8723397254943848,-2.744553181762066,23.866487503051758,-,18.2,190.4,-,16.47,2561.5,2.34,0,-,-,48.2,222.59,0.45,1.24,0.05,60.89,22.35,42.5,-,-8.32,-,-,-,0.05
Thu Dec 21 04:23:23 PST 2023,21-Dec-2023 04:23:25.404,-122.25553212928651,47.29766173729328,26.932884216308594,3.9896907806396484,-2.738424516249357,24.05799102783203,-,18.45,192.2,-,16.86,2526.25,2.34,0,-,-,48.2,224.6,0.48,1.26,0.05,60.27,22.75,42.5,-,-8.3,-,-,-,0.05
Thu Dec 21 04:23:25 PST 2023,21-Dec-2023 04:23:27.752,-122.25524357608164,47.29810685666182,26.83005142211914,4.022159576416016,-2.778684482827807,24.286720275878906,-,17.94,192.2,-,19.22,2538.5,2.34,0,-,-,48.2,248.66,0.43,1.22,0.05,60.27,23.53,41,-,-7.52,-,-,-,0.05
Thu Dec 21 04:23:28 PST 2023,21-Dec-2023 04:23:30.000,-122.25481825416958,47.29875286416017,26.69122314453125,4.303497314453125,1.5109649646261607,23.86812973022461,-,17.99,192.2,-,21.57,2525,2.34,0,-,-,48.2,282.75,0.44,1.22,0.05,59.65,25.49,38,-,-6.57,-,-,-,0.05
Thu Dec 21 04:23:30 PST 2023,21-Dec-2023 04:23:32.481,-122.25452463879596,47.29919317562635,26.617902755737305,4.197774887084961,2.188856357301877,23.512771606445312,-,17.51,192.2,-,22.35,2478,2.34,0,-,-,48.2,300.8,0.39,1.19,0.05,59.65,25.49,38,-,-6,-,-,-,0.05
Thu Dec 21 04:23:32 PST 2023,21-Dec-2023 04:23:34.842,-122.25423519019316,47.29962843466774,26.710338592529297,4.09063720703125,2.458968404019235,23.549327850341797,-,18.25,192.2,-,23.14,2489.5,2.34,0,-,-,48.2,304.81,0.46,1.24,0.05,59.65,25.49,38,-,-5.72,-,-,-,0.05
Thu Dec 21 04:23:35 PST 2023,21-Dec-2023 04:23:37.083,-122.25379697159961,47.300286527140166,27.01701545715332,4.1294331550598145,3.739697557107352,24.382598876953125,-,17.68,192.2,-,22.35,2508,2.34,0,-,-,48.2,312.83,0.41,1.2,0.05,59.65,25.49,36.5,-,-5.53,-,-,-,0.05
Thu Dec 21 04:23:37 PST 2023,21-Dec-2023 04:23:39.500,-122.25350491908836,47.300722728950056,26.943470001220703,3.8722565174102783,4.254005615898651,24.52562713623047,-,18.04,192.2,4.78,23.53,2515.5,2.34,0,-,6.41,48.2,304.81,0.45,1.23,0.05,60.27,25.49,37.5,13.38,-5.83,-,-,-,0.05
Thu Dec 21 04:23:40 PST 2023,21-Dec-2023 04:23:41.985,-122.25305541288405,47.30139189835699,27.471467971801758,3.9377784729003906,5.10814186092383,24.139917373657227,-,17.63,192.2,4.69,23.53,2576,2.34,0,-,6.29,48.2,312.83,0.41,1.2,0.05,60.89,25.49,38,12.81,-5.62,-,-,-,0.05
Thu Dec 21 04:23:42 PST 2023,21-Dec-2023 04:23:44.393,-122.25276840514762,47.30183921555916,27.497602462768555,4.080209732055664,7.230395900013424,24.38907241821289,-,18.5,192.2,9.49,14.9,2593.5,2.34,0,-,12.73,48.2,314.84,0.48,1.26,0.05,62.14,20.39,45.5,25.77,-5.78,-,-,-,0.05
Thu Dec 21 04:23:44 PST 2023,21-Dec-2023 04:23:46.812,-122.25247671572127,47.30229634455166,27.245838165283203,4.023819446563721,6.952622878013053,23.82138442993164,-,18.04,192.2,9.49,16.47,2552,2.34,0,-,12.73,48.2,178.48,0.44,1.23,0.05,60.89,23.14,42,25.77,-9.68,-,-,-,0.05
Thu Dec 21 04:23:47 PST 2023,21-Dec-2023 04:23:49.213,-122.25202495930465,47.3029646514588,27.29505157470703,3.9580397605895996,5.248895780187124,24.15329933166504,-,18.55,192.2,-,17.65,2549.75,2.34,0,-,-,48.2,236.63,0.48,1.26,0.05,60.89,23.14,42,-,-7.93,-,-,-,0.05
Thu Dec 21 04:23:49 PST 2023,21-Dec-2023 04:23:51.698,-122.25172177008207,47.303414223073254,27.54965591430664,3.872187614440918,4.872588700508601,24.052162170410156,-,18.4,190.4,9.92,21.18,2573.5,2.34,0,-,13.3,48.2,268.72,0.47,1.25,0.05,62.14,24.31,39.5,27.14,-7.01,-,-,-,0.05
Thu Dec 21 04:23:52 PST 2023,21-Dec-2023 04:23:54.186,-122.25126869289106,47.3041036223276,27.76590347290039,3.9429492950439453,3.6187465134858816,23.986730575561523,-,20.05,190.4,9.92,4.31,2598.75,2.34,0,-,13.3,48.2,134.36,0.62,1.36,0.04,62.76,15.69,0.5,27.14,-10.89,-,-,-,0.04
Thu Dec 21 04:23:54 PST 2023,21-Dec-2023 04:23:56.720,-122.2509675994047,47.30454901146166,27.286325454711914,3.872157335281372,3.3867633988404515,24.370969772338867,-,18.35,190.4,-,17.25,2579,2.34,0,-,-,48.2,172.46,0.46,1.25,0.05,60.89,22.75,42.5,-,-9.86,-,-,-,0.05
Thu Dec 21 04:23:57 PST 2023,21-Dec-2023 04:23:59.117,-122.2505261494846,47.30522064641496,27.22309684753418,4.0225067138671875,2.6946550134320963,24.619213104248047,-,29.38,190.4,-,4.71,2549.25,2.34,0,-,-,48.2,98.26,2.31,2,0.03,60.89,15.69,0.5,-,-11.92,-,-,-,0.03
Thu Dec 21 04:23:59 PST 2023,21-Dec-2023 04:24:01.477,-122.2502390543039,47.30565682488459,26.43491554260254,3.9193263053894043,1.8046362556554902,23.79301643371582,-,29.38,190.4,-,3.53,2508.25,2.34,0,-,-,48.2,48.13,2.39,2,0.02,59.65,15.29,0,-,-13.32,-,-,-,0.02
Thu Dec 21 04:24:02 PST 2023,21-Dec-2023 04:24:04.056,-122.24982739654614,47.30629531949192,26.06904411315918,3.8721072673797607,0.5358670443410773,23.49595069885254,-,18.81,188.6,-,12.55,2428,2.34,0,-,-,48.2,68.18,0.51,1.28,0.04,57.79,20.39,44,-,-12.72,-,-,-,0.04
Thu Dec 21 04:24:04 PST 2023,21-Dec-2023 04:24:06.428,-122.24954704065163,47.30672002726637,26.26293182373047,3.8856606483459473,-0.15438277465550804,23.97152328491211,-,17.83,188.6,-,14.51,2473,2.34,0,-,-,48.2,166.44,0.42,1.21,0.05,59.03,21.96,41,-,-9.7,-,-,-,0.05
Thu Dec 21 04:24:06 PST 2023,21-Dec-2023 04:24:08.788,-122.24926011233825,47.307155797890736,26.558351516723633,3.913863182067871,-0.7336063455679228,24.50858497619629,-,18.5,188.6,4.73,15.29,2504.75,2.34,0,-,6.35,48.2,210.56,0.48,1.26,0.04,59.65,21.57,42.5,13.31,-8.49,-,-,-,0.04
Thu Dec 21 04:24:09 PST 2023,21-Dec-2023 04:24:11.452,-122.24881645870873,47.30782172080163,26.76618766784668,3.943164825439453,-1.6059192288355604,24.10738754272461,-,16.79,188.6,4.73,13.73,2510.5,2.34,0,-,6.35,48.2,208.56,0.3,1.14,0.05,60.27,20.78,44,13.31,-8.62,-,-,-,0.05
Thu Dec 21 04:24:11 PST 2023,21-Dec-2023 04:24:13.871,-122.24852307430044,47.3082596282972,26.616544723510742,3.946401357650757,-2.468047218369396,23.92096710205078,-,29.38,188.6,-,3.53,2500,2.34,0,-,-,48.2,50.13,2.38,2,0.02,59.65,15.29,0,-,-13.24,-,-,-,0.02
Thu Dec 21 04:24:14 PST 2023,21-Dec-2023 04:24:16.444,-122.24809596023383,47.30888673791582,25.045534133911133,4.245778560638428,-4.1790217760096855,23.936491012573242,-,21.74,188.6,-,3.53,2389.25,2.34,0,-,-,48.2,48.13,0.75,1.48,0.02,56.54,15.29,-1,-,-13.29,-,-,-,0.02
Thu Dec 21 04:24:16 PST 2023,21-Dec-2023 04:24:18.864,-122.24786393157673,47.30929848732102,24.379817962646484,4.302131652832031,-5.309637130694142,23.528566360473633,-,18.5,188.6,-,9.8,2309.25,2.34,0,-,-,48.2,120.32,0.48,1.26,0.05,54.68,19.22,45.5,-,-11.02,-,-,-,0.05
Thu Dec 21 04:24:19 PST 2023,21-Dec-2023 04:24:21.348,-122.24743930043353,47.30989064905176,24.259855270385742,3.9927642345428467,-4.871287705323118,24.218957901000977,-,17.43,188.6,-,14.51,2280.5,2.34,0,-,-,48.2,136.36,0.38,1.19,0.05,54.06,22.35,40.5,-,-10.39,-,-,-,0.05
Thu Dec 21 04:24:21 PST 2023,21-Dec-2023 04:24:23.874,-122.24718064292651,47.310288651166374,24.505435943603516,3.942044258117676,-5.193942956819664,23.883455276489258,-,18.3,188.6,-,16.08,2283.25,2.34,0,-,-,48.2,208.56,0.46,1.24,0.05,54.68,22.75,38,-,-8.02,-,-,-,0.05
Thu Dec 21 04:24:24 PST 2023,21-Dec-2023 04:24:26.298,-122.2468116424979,47.310899823845254,24.805219650268555,4.054376602172852,-4.697213838893107,24.859310150146484,-,17.83,188.6,-,27.84,2310,2.34,0,-,-,48.2,338.9,0.43,1.21,0.05,54.68,25.88,29,-,-3.87,-,-,-,0.05
Thu Dec 21 04:24:26 PST 2023,21-Dec-2023 04:24:28.762,-122.24655104349928,47.31133298361785,25.798004150390625,4.519622802734375,-3.381535191829913,23.387479782104492,-,17.83,190.4,-,22.75,2381.5,2.34,0,-,-,48.2,306.82,0.43,1.21,0.05,57.17,27.84,34.5,-,-5.01,-,-,-,0.05
Thu Dec 21 04:24:29 PST 2023,21-Dec-2023 04:24:31.266,-122.24615755564014,47.31200126873316,26.539548873901367,4.011767387390137,-6.10889820607942,19.87559700012207,-,18.5,190.4,13.44,21.57,2470.25,2.34,0,-,18.02,48.2,336.9,0.48,1.26,0.05,59.03,25.1,36.5,38.31,-4.37,-,-,-,0.05
Thu Dec 21 04:24:31 PST 2023,21-Dec-2023 04:24:33.696,-122.24593531543148,47.3124611866133,26.78483009338379,3.871908664703369,-5.940277526973009,18.62672233581543,-,17.68,192.2,9.13,21.57,2529.25,2.34,0,-,12.25,48.2,298.8,0.41,1.2,0.05,60.27,25.49,38,25.44,-5.87,-,-,-,0.05
Thu Dec 21 04:24:34 PST 2023,21-Dec-2023 04:24:36.031,-122.24562375584519,47.31316491953525,27.379047393798828,3.871886968612671,-4.0300597962590246,16.123695373535156,-,18.35,192.2,4.58,23.14,2583.25,2.34,0,-,6.14,48.2,304.81,0.46,1.25,0.05,60.89,23.14,42,12.47,-5.9,-,-,-,0.05
Thu Dec 21 04:24:36 PST 2023,21-Dec-2023 04:24:38.479,-122.2454351398845,47.313643851253005,27.660852432250977,4.0393829345703125,-4.155243216555316,14.03722858428955,-,18.3,192.2,9.75,18.43,2578.25,2.34,0,-,13.08,48.2,252.67,0.46,1.24,0.05,62.14,23.53,42,26.64,-7.56,-,-,-,0.05
Thu Dec 21 04:24:40 PST 2023,21-Dec-2023 04:24:42.275,-122.24513141295557,47.314617793918515,27.953563690185547,4.039786338806152,-1.8888061766307078,10.154888153076172,-,18.3,192.2,9.75,19.22,2613.25,2.34,0,-,13.08,48.2,256.68,0.46,1.24,0.05,62.14,21.96,42,26.64,-7.43,-,-,-,0.05
Thu Dec 21 04:24:44 PST 2023,21-Dec-2023 04:24:46.586,-122.24492471883693,47.31558187936264,26.181686401367188,4.040190696716309,-2.0375285346384326,6.556887626647949,-,19.43,192.2,-,3.92,2558.25,2.34,0,-,-,48.2,48.13,0.56,1.32,0.03,60.89,15.69,0,-,-13.36,-,-,-,0.03
Thu Dec 21 04:24:47 PST 2023,21-Dec-2023 04:24:49.565,-122.24483654580003,47.31628749289072,25.947669982910156,4.040495872497559,-3.0652163851756478,4.326040744781494,-,18.66,190.4,-,10.98,2450.25,2.34,0,-,-,48.2,146.39,0.5,1.27,0.05,59.03,19.61,45.5,-,-10.52,-,-,-,0.05
Thu Dec 21 04:24:50 PST 2023,21-Dec-2023 04:24:52.324,-122.24479908105523,47.31698425787826,25.689044952392578,3.8717751502990723,-4.572249163313107,1.9240094423294067,-,18.66,188.6,-,10.98,2430,2.34,0,-,-,48.2,150.4,0.5,1.27,0.05,57.79,20,45,-,-10.22,-,-,-,0.05
Thu Dec 21 04:24:53 PST 2023,21-Dec-2023 04:24:55.299,-122.24477961790026,47.3176757398145,25.39223289489746,3.992443084716797,-6.1741758203631445,0.44071581959724426,-,18.45,188.6,-,10.98,2389,2.34,0,-,-,48.2,146.39,0.48,1.26,0.05,57.17,19.61,45,-,-10.3,-,-,-,0.05
Thu Dec 21 04:24:55 PST 2023,21-Dec-2023 04:24:57.690,-122.2447689085052,47.318125216551714,25.82023811340332,4.733534812927246,-4.935009993982049,0.23441292345523834,-,17.94,188.6,-,10.98,2366.25,2.34,0,-,-,48.2,148.4,0.43,1.22,0.05,56.54,21.96,45,-,-10.17,-,-,-,0.05
Thu Dec 21 04:24:58 PST 2023,21-Dec-2023 04:25:00.229,-122.24474117745278,47.318799633032256,24.94025230407715,3.8717193603515625,-3.747983607789814,5.200906276702881,-,17.78,188.6,-,14.9,2357.25,2.34,0,-,-,48.2,202.54,0.41,1.21,0.05,56.54,21.57,40.5,-,-8.45,-,-,-,0.05
Thu Dec 21 04:25:00 PST 2023,21-Dec-2023 04:25:02.726,-122.24468371152926,47.31924379667917,25.036014556884766,3.8717050552368164,-3.8422637200355023,4.769272804260254,-,19.53,188.6,-,6.67,2367,2.34,0,-,-,48.2,80.21,0.57,1.33,0.05,55.92,17.65,45.5,-,-12.22,-,-,-,0.05
Thu Dec 21 04:25:03 PST 2023,21-Dec-2023 04:25:05.105,-122.24461474766655,47.31990277899548,23.652441024780273,3.87168288230896,-4.9406764506723695,3.9634320735931396,-,29.38,188.6,-,3.92,2282,2.34,0,-,-,48.2,88.24,2.29,2,0.03,54.06,15.29,-1.5,-,-11.98,-,-,-,0.03
Thu Dec 21 04:25:08 PST 2023,21-Dec-2023 04:25:10.368,-122.24432018311715,47.32088135668206,21.439390182495117,3.8716437816619873,-3.377107155415711,13.770089149475098,-,19.12,188.6,-,3.14,2162,2.34,0,-,-,48.2,42.11,0.54,1.3,0.02,50.95,16.47,44,-,-13.35,-,-,-,0.02
Thu Dec 21 04:25:12 PST 2023,21-Dec-2023 04:25:14.410,-122.24407226782581,47.32156644530645,17.993133544921875,4.043013572692871,-1.6835584077381718,12.730452537536621,-,29.38,188.6,-,2.75,1883.75,2.34,0,-,-,46.4,38.1,2.38,2,0.02,44.74,14.9,-4,-,-13.41,-,-,-,0.02
Thu Dec 21 04:25:15 PST 2023,21-Dec-2023 04:25:17.788,-122.24392878199464,47.32198153106311,14.114912986755371,3.991917610168457,-0.5984566590867678,15.119597434997559,-,27.7,188.6,-,1.96,1544,2.34,0,-,-,46.4,30.08,1.1,1.88,0.03,36.04,14.12,-8.5,-,-13.54,-,-,-,0.03
Thu Dec 21 04:25:18 PST 2023,21-Dec-2023 04:25:20.790,-122.24386301974724,47.32220324575185,5.437869548797607,4.04360294342041,1.2559440606106225,11.631019592285156,-,19.53,188.6,-,1.96,834.5,2.34,0,-,-,46.4,36.1,0.57,1.33,0.04,18.64,14.12,6.5,-,-13,-,-,-,0.04
Thu Dec 21 04:25:21 PST 2023,21-Dec-2023 04:25:23.119,-122.24387145747434,47.32222405893208,0.0,3.8715364933013916,2.046071698632861,12.095681190490723,-,17.73,188.6,-,2.35,618,2.34,0,-,-,46.4,42.11,0.41,1.21,0.04,1.24,14.9,17,-,-11.03,-,-,-,0.04
Thu Dec 21 04:25:23 PST 2023,21-Dec-2023 04:25:25.551,-122.24387145747434,47.32222405893208,0.0,4.044086456298828,0.9917824803875588,12.095681190490723,-,17.94,188.6,-,2.75,616,2.34,0,-,-,46.4,34.09,0.43,1.22,0.05,0,14.9,26,-,-10.69,-,-,-,0.05
Thu Dec 21 04:25:26 PST 2023,21-Dec-2023 04:25:27.998,-122.24387145747434,47.32222405893208,0.0,4.044375896453857,0.10437401872483001,12.095681190490723,-,17.94,190.4,-,2.75,661.75,2.34,0,-,-,46.4,32.09,0.43,1.22,0.05,0,14.9,21.5,-,-10.91,-,-,-,0.05
Thu Dec 21 04:25:29 PST 2023,21-Dec-2023 04:25:31.296,-122.24387145747434,47.32222405893208,0.0,4.0446648597717285,1.4419613755288472,12.095681190490723,-,17.88,190.4,-,2.75,679,2.34,0,-,-,46.4,30.08,0.42,1.22,0.05,0,14.51,15.5,-,-11.39,-,-,-,0.05
Thu Dec 21 04:25:34 PST 2023,21-Dec-2023 04:25:36.285,-122.24387145747434,47.32222405893208,0.0,4.0451459884643555,-0.14899666227517527,12.095681190490723,-,18.4,190.4,-,2.35,683.25,2.34,0,-,-,46.4,36.1,0.46,1.25,0.05,0,14.9,16.5,-,-10.83,-,-,-,0.05
Thu Dec 21 04:25:39 PST 2023,21-Dec-2023 04:25:41.424,-122.24387145747434,47.32222405893208,0.0,4.045626640319824,1.154625863870044,12.095681190490723,-,18.14,192.2,-,2.35,654,2.34,0,-,-,46.4,34.09,0.45,1.23,0.05,0,14.51,24,-,-11.07,-,-,-,0.05
Thu Dec 21 04:25:43 PST 2023,21-Dec-2023 04:25:45.456,-122.24387145747434,47.32222405893208,0.0,4.0460100173950195,1.7748217705226863,12.095681190490723,-,18.5,192.2,-,2.75,650.25,2.34,0,-,-,46.4,34.09,0.48,1.26,0.05,0,14.9,32,-,-10.91,-,-,-,0.05
Thu Dec 21 04:25:46 PST 2023,21-Dec-2023 04:25:48.551,-122.24387145747434,47.32222405893208,0.0,4.046297550201416,0.7760135487435352,12.095681190490723,-,17.63,192.2,-,2.35,662.25,2.34,0,-,-,46.4,36.1,0.4,1.2,0.05,0,14.9,31.5,-,-10.66,-,-,-,0.05
Thu Dec 21 04:25:49 PST 2023,21-Dec-2023 04:25:50.976,-122.24387145747434,47.32222405893208,0.0,4.046584129333496,0.1990229198368701,12.095681190490723,-,18.2,192.2,-,2.35,678.25,2.34,0,-,-,46.4,32.09,0.45,1.24,0.05,0,14.9,16.5,-,-11.18,-,-,-,0.05
Thu Dec 21 04:25:51 PST 2023,21-Dec-2023 04:25:53.436,-122.24387145747434,47.32222405893208,0.0,3.871276378631592,0.18809562569130509,12.095681190490723,-,18.04,192.2,-,2.35,723.25,2.34,0,-,-,48.2,36.1,0.43,1.23,0.05,0,14.51,14,-,-10.83,-,-,-,0.05
Thu Dec 21 04:25:53 PST 2023,21-Dec-2023 04:25:55.875,-122.24387145747434,47.32222405893208,0.0,4.046966552734375,0.49542416920279564,12.095681190490723,-,17.73,192.2,-,2.75,637.75,2.34,0,-,-,48.2,38.1,0.41,1.21,0.05,0,14.9,32,-,-10.85,-,-,-,0.05
Thu Dec 21 04:25:56 PST 2023,21-Dec-2023 04:25:58.670,-122.24387145747434,47.32222405893208,0.0,4.047252655029297,0.7461079666380273,12.095681190490723,-,17.78,192.2,-,2.75,610.75,2.34,0,-,-,48.2,36.1,0.41,1.21,0.05,0,14.9,32,-,-10.57,-,-,-,0.05
Thu Dec 21 04:25:59 PST 2023,21-Dec-2023 04:26:01.342,-122.24387145747434,47.32222405893208,0.0,4.047538757324219,0.7623554849721558,12.095681190490723,-,17.63,190.4,-,2.75,684.5,2.34,0,-,-,48.2,40.11,0.4,1.2,0.05,0,14.9,32,-,-9.91,-,-,-,0.05
Thu Dec 21 04:26:01 PST 2023,21-Dec-2023 04:26:03.809,-122.24387145747434,47.32222405893208,0.0,4.0477294921875,1.0607285112169473,12.095681190490723,-,18.2,190.4,-,2.75,650,2.34,0,-,-,48.2,42.11,0.45,1.24,0.06,0,14.9,27.5,-,-10.21,-,-,-,0.06
Thu Dec 21 04:26:04 PST 2023,21-Dec-2023 04:26:06.258,-122.24387145747434,47.32222405893208,0.0,4.0480146408081055,1.4630447832473612,12.095681190490723,-,17.94,190.4,-,2.35,682,2.34,0,-,-,48.2,36.1,0.43,1.22,0.05,0,14.9,18.5,-,-10.65,-,-,-,0.05
Thu Dec 21 04:26:11 PST 2023,21-Dec-2023 04:26:13.525,-122.24387145747434,47.32222405893208,0.0,4.048678874969482,2.225288852484336,12.095681190490723,-,18.04,190.4,-,2.35,661.25,2.34,0,-,-,48.2,36.1,0.43,1.23,0.05,0,14.9,21.5,-,-10.84,-,-,-,0.05
Thu Dec 21 04:26:15 PST 2023,21-Dec-2023 04:26:17.253,-122.24387145747434,47.32222405893208,0.0,4.049057960510254,2.5228749110106983,12.095681190490723,-,17.39,188.6,-,2.35,684.75,2.34,0,-,-,51.8,32.09,0.37,1.18,0.05,0,14.51,18.5,-,-11.16,-,-,-,0.05
Thu Dec 21 04:26:17 PST 2023,21-Dec-2023 04:26:19.971,-122.24387145747434,47.32222405893208,0.0,4.049247741699219,2.6385660508964004,12.095681190490723,-,17.55,188.6,-,2.75,692.75,2.34,0,-,-,51.8,36.1,0.39,1.19,0.05,0,14.9,31.5,-,-10.83,-,-,-,0.05
Thu Dec 21 04:26:20 PST 2023,21-Dec-2023 04:26:22.784,-122.24387145747434,47.32222405893208,0.0,4.049530982971191,2.842085888105242,12.095681190490723,-,17.63,188.6,-,2.75,700,2.34,0,-,-,53.6,40.11,0.4,1.2,0.05,0,14.9,25.5,-,-10.44,-,-,-,0.05
Thu Dec 21 04:26:23 PST 2023,21-Dec-2023 04:26:25.188,-122.24387145747434,47.32222405893208,0.0,4.0498151779174805,3.0627620977259298,12.095681190490723,-,17.78,188.6,-,2.35,704.5,2.34,0,-,-,53.6,36.1,0.41,1.21,0.05,0,14.9,20,-,-10.9,-,-,-,0.05
Thu Dec 21 04:26:25 PST 2023,21-Dec-2023 04:26:27.650,-122.24387145747434,47.32222405893208,0.0,4.736071586608887,3.0940456104255847,12.095681190490723,-,17.35,188.6,-,2.75,653,2.34,0,-,-,55.4,34.09,0.36,1.18,0.05,0,14.9,13.5,-,-11.13,-,-,-,0.05
Thu Dec 21 04:26:28 PST 2023,21-Dec-2023 04:26:30.216,-122.24387145747434,47.32222405893208,0.0,4.050285816192627,3.0059774300461966,12.095681190490723,-,17.51,188.6,-,2.35,661,2.34,0,-,-,55.4,34.09,0.38,1.19,0.05,0,14.51,15.5,-,-10.84,-,-,-,0.05
Thu Dec 21 04:26:30 PST 2023,21-Dec-2023 04:26:32.514,-122.24387145747434,47.32222405893208,0.0,4.050475120544434,3.0424232312723936,12.095681190490723,-,17.94,188.6,-,2.35,680,2.34,0,-,-,57.2,34.09,0.43,1.22,0.05,0,14.9,31.5,-,-10.88,-,-,-,0.05
Thu Dec 21 04:26:32 PST 2023,21-Dec-2023 04:26:34.838,-122.24387145747434,47.32222405893208,0.0,4.050662994384766,2.960515983528636,12.095681190490723,-,17.39,188.6,-,2.75,673.25,2.34,0,-,-,57.2,38.1,0.37,1.18,0.05,0,14.9,31.5,-,-10.54,-,-,-,0.05
Thu Dec 21 04:26:35 PST 2023,21-Dec-2023 04:26:37.306,-122.24387145747434,47.32222405893208,0.0,4.050944805145264,2.8328919089329436,12.095681190490723,-,17.63,188.6,-,2.75,652.5,2.34,0,-,-,59,36.1,0.4,1.2,0.05,0,14.9,23,-,-10.72,-,-,-,0.05
Thu Dec 21 04:26:37 PST 2023,21-Dec-2023 04:26:39.767,-122.24387145747434,47.32222405893208,0.0,4.0511322021484375,2.776659456747593,12.095681190490723,-,17.39,188.6,-,2.35,686.25,2.34,0,-,-,59,34.09,0.37,1.18,0.05,0,14.51,10.5,-,-10.81,-,-,-,0.05
Thu Dec 21 04:26:40 PST 2023,21-Dec-2023 04:26:42.236,-122.24387145747434,47.32222405893208,0.0,3.8707759380340576,3.0475746433500714,12.095681190490723,-,17.78,188.6,-,1.96,726,2.34,0,-,-,59,34.09,0.41,1.21,0.05,0,14.51,18.5,-,-11,-,-,-,0.05
Thu Dec 21 04:26:42 PST 2023,21-Dec-2023 04:26:44.659,-122.24387145747434,47.32222405893208,0.0,3.870753049850464,3.0436615426544282,12.095681190490723,-,18.09,188.6,-,2.35,695.25,2.34,0,-,-,59,42.11,0.44,1.23,0.05,0,14.9,31.5,-,-10.38,-,-,-,0.05
Thu Dec 21 04:26:45 PST 2023,21-Dec-2023 04:26:47.120,-122.24387145747434,47.32222405893208,0.0,3.8707194328308105,2.890900897502902,12.095681190490723,-,18.61,188.6,-,2.75,646,2.34,0,-,-,59,36.1,0.48,1.27,0.05,0,15.29,32,-,-10.83,-,-,-,0.05
Thu Dec 21 04:26:47 PST 2023,21-Dec-2023 04:26:49.480,-122.24387145747434,47.32222405893208,0.0,3.8706960678100586,2.5821020617905646,12.095681190490723,-,18.66,188.6,-,2.75,711.5,2.34,0,-,-,59,34.09,0.49,1.27,0.05,0,14.9,18,-,-10.77,-,-,-,0.05
Thu Dec 21 04:26:49 PST 2023,21-Dec-2023 04:26:51.931,-122.24385445887005,47.32221182192447,0.3263322412967682,3.870673656463623,2.1310801811512468,7.453852653503418,-,17.78,188.6,0.42,19.61,1720,2.34,0,-,0.56,60.8,222.59,0.41,1.21,0.06,1.86,28.24,27.5,1.72,8.62,-,-,-,0.06
Thu Dec 21 04:26:52 PST 2023,21-Dec-2023 04:26:54.438,-122.24389918559014,47.32234497467729,7.316099166870117,3.870638847351074,2.212449883458678,326.2261047363281,-,17.63,190.4,17.97,23.14,2161,2.34,0,-,24.09,62.6,296.79,0.41,1.2,0.05,13.05,31.37,30,58.56,-1.79,-,-,-,0.05
Thu Dec 21 04:26:54 PST 2023,21-Dec-2023 04:26:56.818,-122.24409848642136,47.322449055511925,9.284058570861816,3.870617151260376,0.8757668231406817,296.8067932128906,-,17.11,188.6,14.39,25.88,2230.75,2.34,0,-,19.29,62.6,332.89,0.35,1.16,0.05,19.26,31.76,30,45.42,-3.14,-,-,-,0.05
Thu Dec 21 04:26:57 PST 2023,21-Dec-2023 04:26:59.250,-122.24457772983442,47.32247798283264,12.346701622009277,3.870586395263672,-0.10775087506845099,271.28948974609375,-,18.3,188.6,22.75,25.1,2164.75,2.34,0,-,30.51,60.8,348.93,0.46,1.24,0.06,26.1,41.57,27.5,74.03,-2.96,-,-,-,0.06
Thu Dec 21 04:26:59 PST 2023,21-Dec-2023 04:27:01.765,-122.24494805792285,47.32246719037954,14.299662590026855,3.8705663681030273,0.39774563888086595,272.6299743652344,-,18.71,190.4,18.79,29.02,2339,2.34,0,-,25.19,60.8,395.05,0.51,1.27,0.05,31.07,87.06,21.5,56.57,-1.05,-,-,-,0.05
Thu Dec 21 04:27:02 PST 2023,21-Dec-2023 04:27:04.122,-122.24558420595669,47.32248773640332,16.923601150512695,2.6787757873535156,-0.2810597009523787,271.8436279296875,-,18.2,190.4,21.65,15.69,2529,2.34,0,-,29.04,59,431.15,0.45,1.24,0.06,36.04,22.35,45,60.3,-0.91,-,-,-,0.06
Thu Dec 21 04:27:04 PST 2023,21-Dec-2023 04:27:06.593,-122.24603705826803,47.322501479296534,17.20920753479004,2.654801845550537,-0.26922049887326976,270.1767578125,-,18.4,192.2,8.56,11.76,1749,2.34,0,-,11.48,59,152.41,0.47,1.25,0.06,37.9,20.39,38,34.49,-10.21,-,-,-,0.06
Thu Dec 21 04:27:07 PST 2023,21-Dec-2023 04:27:09.061,-122.2467377462997,47.322522924752064,17.976896286010742,2.677576780319214,-2.179777619631997,273.05096435546875,-,17.14,194,6,9.41,1676.5,2.34,0,-,8.04,57.2,130.35,0.35,1.17,0.05,39.15,19.61,39.5,25.19,-9.14,-,-,-,0.05
Thu Dec 21 04:27:09 PST 2023,21-Dec-2023 04:27:11.409,-122.2472204404653,47.32253546556772,18.51333999633789,2.674724578857422,-3.9857302936753958,272.30438232421875,-,17.23,194,9.45,10.98,1697,2.34,0,-,12.67,55.4,140.37,0.36,1.17,0.05,41.01,20,39,39.22,-8.48,-,-,-,0.05
Thu Dec 21 04:27:11 PST 2023,21-Dec-2023 04:27:13.755,-122.24772737928765,47.32254977771652,19.42540168762207,2.6727871894836426,-5.7057810304772385,271.9044189453125,-,17.35,195.8,13.67,11.76,1783,2.34,0,-,18.34,55.4,156.42,0.37,1.18,0.07,43.5,20.78,39,54.01,-7.88,-,-,-,0.07
Thu Dec 21 04:27:14 PST 2023,21-Dec-2023 04:27:16.128,-122.24852174719095,47.32256854905094,19.9311466217041,2.6524744033813477,-6.99688081332456,272.3196105957031,-,29.38,195.8,7.27,3.53,1897.5,2.34,0,-,9.74,53.6,100.27,2.24,2,0.05,44.74,14.51,-4,26.97,-10.54,-,-,-,0.05
Thu Dec 21 04:27:16 PST 2023,21-Dec-2023 04:27:18.469,-122.24903178017806,47.32257063254961,17.915180206298828,2.6485323905944824,-7.821426996590671,270.9062805175781,-,29.38,195.8,7.27,2.35,1802,2.34,0,-,9.74,53.6,36.1,2.37,2,0.03,42.25,14.51,-7,26.97,-13.3,-,-,-,0.03
Thu Dec 21 04:27:18 PST 2023,21-Dec-2023 04:27:20.821,-122.2494371381434,47.32256368177354,13.136890411376953,2.745960235595703,-8.240767713159594,270.10455322265625,-,19.53,194,-,2.35,1300.75,2.34,0,-,-,53.6,26.07,0.57,1.33,0.03,31.07,14.51,25.5,-,-13.63,-,-,-,0.03
Thu Dec 21 04:27:21 PST 2023,21-Dec-2023 04:27:23.115,-122.24970654624278,47.32257583939433,4.025647163391113,2.8300886154174805,-8.737975764494458,277.93731689453125,-,19.43,194,-,1.96,725,2.34,0,-,-,53.6,24.06,0.56,1.32,0.04,12.43,14.12,12.5,-,-13.34,-,-,-,0.04
Thu Dec 21 04:27:23 PST 2023,21-Dec-2023 04:27:25.339,-122.24977235130156,47.322612809549156,5.438503742218018,2.7227203845977783,-8.792931892281974,306.20086669921875,-,17.63,192.2,-,19.22,1390.75,2.34,0,-,-,53.6,172.46,0.41,1.2,0.05,6.21,38.82,28.5,-,2.85,-,-,-,0.05
Thu Dec 21 04:27:25 PST 2023,21-Dec-2023 04:27:27.637,-122.24981806438115,47.322729894249775,8.439845085144043,2.933513641357422,-8.496567130395604,355.09228515625,-,18.25,192.2,20.06,25.49,2419.25,2.34,0,-,26.9,51.8,389.04,0.46,1.24,0.05,15.53,31.76,29,58.4,5.94,-,-,-,0.05
Thu Dec 21 04:27:27 PST 2023,21-Dec-2023 04:27:29.906,-122.24979500417547,47.32291263737471,10.962312698364258,3.4017157554626465,-7.841799612200396,4.063702583312988,-,18.61,192.2,20.07,22.35,2351.25,2.34,0,-,26.91,53.6,348.93,0.5,1.27,0.05,22.37,25.88,33.5,60.12,-4.1,-,-,-,0.05
Thu Dec 21 04:27:30 PST 2023,21-Dec-2023 04:27:32.106,-122.24977047455135,47.32323474244996,13.373780250549316,3.029874324798584,-7.1685607929226824,3.009692907333374,-,18.35,188.6,12.87,23.14,2056.25,2.34,0,-,17.26,53.6,286.76,0.47,1.25,0.05,26.1,31.76,28.5,44.09,-5.7,-,-,-,0.05
Thu Dec 21 04:27:32 PST 2023,21-Dec-2023 04:27:34.639,-122.24976860343332,47.3234793261774,14.609530448913574,2.901404857635498,-7.872572458162688,0.45623913407325745,-,17.83,188.6,20.6,24.31,2172,2.34,0,-,27.62,53.6,334.89,0.43,1.21,0.05,31.07,29.8,29,66.79,-2.69,-,-,-,0.05
Thu Dec 21 04:27:34 PST 2023,21-Dec-2023 04:27:36.868,-122.24976944781375,47.32375525947531,15.8045015335083,2.8951315879821777,-7.555203790048667,359.1932067871094,-,18.35,188.6,15.54,19.61,2311.25,2.34,0,-,20.84,53.6,330.88,0.47,1.25,0.05,34.8,28.63,27,47.36,-3.46,-,-,-,0.05
Thu Dec 21 04:27:37 PST 2023,21-Dec-2023 04:27:39.289,-122.24977376943846,47.32420542703324,17.31931495666504,2.978274345397949,-6.823356195933535,359.90899658203125,-,17.88,188.6,11.77,22.35,2067,2.34,0,-,15.78,53.6,300.8,0.43,1.22,0.05,37.28,32.55,30,40.11,-5.1,-,-,-,0.05
Thu Dec 21 04:27:39 PST 2023,21-Dec-2023 04:27:41.676,-122.24977073628959,47.32452635967071,18.289623260498047,2.951084613800049,-6.4933737490892725,358.859619140625,-,18.66,188.6,15.82,23.92,2103.5,2.34,0,-,21.21,53.6,326.87,0.5,1.27,0.05,40.39,85.49,30.5,52.96,-3.03,-,-,-,0.05
Thu Dec 21 04:27:41 PST 2023,21-Dec-2023 04:27:43.855,-122.24976126235961,47.32486657055196,19.383255004882812,2.9389166831970215,-6.801033349816259,0.39177605509757996,-,17.47,190.4,10.04,26.67,2232,2.34,0,-,13.46,51.8,338.9,0.38,1.19,0.05,42.25,60,25.5,31.68,-2.81,-,-,-,0.05
Thu Dec 21 04:27:44 PST 2023,21-Dec-2023 04:27:46.202,-122.24976324242158,47.3253992977094,19.88571548461914,3.0526723861694336,-7.297187901095644,7.428268909454346,-,17.99,192.2,10.96,9.8,1851.5,2.34,0,-,14.7,51.8,72.19,0.43,1.22,0.06,44.12,20.39,39.5,41.68,-12.32,-,-,-,0.06
Thu Dec 21 04:27:46 PST 2023,21-Dec-2023 04:27:48.574,-122.24976406861748,47.3257556340291,20.023414611816406,2.883403778076172,-7.705886132506865,358.6535339355469,-,17.43,192.2,10.96,12.94,1843.75,2.34,0,-,14.7,51.8,168.45,0.38,1.19,0.05,44.12,21.57,37.5,41.68,-8.01,-,-,-,0.05
Thu Dec 21 04:27:48 PST 2023,21-Dec-2023 04:27:50.768,-122.24976517793189,47.32610994418904,19.949634552001953,3.0553011894226074,-7.941425338665737,359.60260009765625,-,17.99,192.2,3.83,12.16,1873.25,2.34,0,-,5.13,51.8,164.44,0.43,1.22,0.05,44.74,21.57,39,14.38,-8.14,-,-,-,0.05
Thu Dec 21 04:27:51 PST 2023,21-Dec-2023 04:27:53.190,-122.24976243794238,47.32664656294718,20.008874893188477,3.9702072143554688,-6.629119400321668,359.90399169921875,-,17.94,194,3.83,13.33,1907,2.34,0,-,5.13,51.8,176.47,0.43,1.22,0.05,44.74,21.57,39,14.38,-7.78,-,-,-,0.05
Thu Dec 21 04:27:53 PST 2023,21-Dec-2023 04:27:55.579,-122.24975927879812,47.32701422587751,20.089736938476562,4.0506815910339355,-6.2556312985554845,3.6335692405700684,-,18.81,194,3.55,13.33,1886.75,2.34,0,-,4.76,51.8,186.5,0.51,1.28,0.05,45.36,21.57,38,13.25,-7.51,-,-,-,0.05
Thu Dec 21 04:27:55 PST 2023,21-Dec-2023 04:27:57.848,-122.24974571094032,47.3273984582429,20.299917221069336,4.009406089782715,-5.259369844504933,1.1855826377868652,-,18.2,192.2,3.55,12.94,1923.75,2.34,0,-,4.76,51.8,166.44,0.45,1.24,0.05,45.36,21.18,39,13.25,-8.22,-,-,-,0.05
Thu Dec 21 04:27:58 PST 2023,21-Dec-2023 04:28:00.230,-122.24975354747885,47.3279481944976,20.67097282409668,3.8698580265045166,-6.232083324952749,359.4861755371094,-,18.66,192.2,7.29,14.51,1934.75,2.34,0,-,9.78,50,176.47,0.5,1.27,0.05,46.6,21.57,38,26.54,-7.96,-,-,-,0.05
Thu Dec 21 04:28:00 PST 2023,21-Dec-2023 04:28:02.384,-122.24976050295652,47.328332560617135,20.539409637451172,4.098787784576416,-5.1893472020201115,359.8539123535156,-,18.09,192.2,7.29,13.33,1946,2.34,0,-,9.78,50,180.48,0.45,1.23,0.05,46.6,21.57,39,26.54,-7.87,-,-,-,0.05
Thu Dec 21 04:28:02 PST 2023,21-Dec-2023 04:28:04.573,-122.24975825673481,47.32871651603694,20.866453170776367,4.312058448791504,-4.538043718892423,0.4152217507362366,-,18.04,190.4,3.93,13.33,1995.25,2.34,0,-,5.27,50,176.47,0.44,1.23,0.05,47.22,21.96,38,13.88,-8.06,-,-,-,0.05
Thu Dec 21 04:28:04 PST 2023,21-Dec-2023 04:28:06.793,-122.24977181715012,47.329089408011534,21.17601776123047,4.544403553009033,-4.977570078799931,359.8844299316406,-,18.35,190.4,3.93,13.33,1998.5,2.34,0,-,5.27,50,198.53,0.46,1.25,0.05,47.22,21.57,38,13.88,-7.41,-,-,-,0.05
Thu Dec 21 04:28:07 PST 2023,21-Dec-2023 04:28:09.006,-122.24977198500366,47.329664305055196,21.32683563232422,4.519317150115967,-6.516051389621816,0.5881292223930359,-,17.99,188.6,3.88,14.9,2018.75,2.34,0,-,5.2,50,198.53,0.43,1.22,0.05,47.85,22.75,37.5,13.53,-7.42,-,-,-,0.05
Thu Dec 21 04:28:09 PST 2023,21-Dec-2023 04:28:11.378,-122.24978657670232,47.33005512961117,21.628507614135742,4.108936786651611,-7.560865063032067,359.7436828613281,-,18.45,188.6,3.88,16.08,2037.5,2.34,0,-,5.2,50,216.58,0.48,1.26,0.05,47.85,22.75,37.5,13.53,-6.84,-,-,-,0.05
Thu Dec 21 04:28:11 PST 2023,21-Dec-2023 04:28:13.602,-122.24979766636301,47.33045783513982,21.85175323486328,4.091529846191406,-7.225979218526882,359.4357604980469,-,18.3,188.6,3.9,15.29,2027.5,2.34,0,-,5.23,50,214.57,0.46,1.24,0.05,48.47,22.75,37.5,13.55,-6.99,-,-,-,0.05
Thu Dec 21 04:28:13 PST 2023,21-Dec-2023 04:28:15.756,-122.24978389405369,47.330851597089776,22.137632369995117,4.498233795166016,-7.767247085830797,0.21289537847042084,-,18.55,188.6,3.9,16.08,2075.5,2.34,0,-,5.23,48.2,214.57,0.48,1.26,0.05,48.47,23.14,37.5,13.55,-6.95,-,-,-,0.05
Thu Dec 21 04:28:16 PST 2023,21-Dec-2023 04:28:17.985,-122.2497589619092,47.33143560681991,22.221288681030273,4.351036548614502,-8.92605092224832,0.4498662054538727,-,17.59,188.6,8.22,16.08,2091.25,2.34,0,-,11.02,48.2,214.57,0.4,1.2,0.05,49.71,22.35,38,27.69,-7.15,-,-,-,0.05
Thu Dec 21 04:28:18 PST 2023,21-Dec-2023 04:28:20.252,-122.24971154628292,47.33182467734256,22.002559661865234,4.549518585205078,-7.310965256028468,3.713900327682495,-,17.83,188.6,8.22,15.29,2083.75,2.34,0,-,11.02,48.2,196.52,0.42,1.21,0.05,49.71,23.92,39,27.69,-7.84,-,-,-,0.05
Thu Dec 21 04:28:20 PST 2023,21-Dec-2023 04:28:22.588,-122.24961256880654,47.33222511833247,22.007429122924805,4.044103622436523,-6.219820230116811,10.840677261352539,-,18.2,188.6,-,15.29,2100,2.34,0,-,-,48.2,196.52,0.45,1.24,0.05,49.71,21.18,38,-,-7.82,-,-,-,0.05
Thu Dec 21 04:28:22 PST 2023,21-Dec-2023 04:28:24.726,-122.24948879562187,47.33263207982158,22.2375545501709,3.869511842727661,-5.099102799540912,13.141679763793945,-,18.35,188.6,-,15.29,2096.5,2.34,0,-,-,48.2,200.53,0.46,1.25,0.05,49.71,22.35,38,-,-7.73,-,-,-,0.05
Thu Dec 21 04:28:24 PST 2023,21-Dec-2023 04:28:26.947,-122.2493563395679,47.33302222112477,22.216224670410156,3.869481086730957,-4.08024536670694,12.44104290008545,-,18.81,188.6,-,16.08,2085,2.34,0,-,-,48.2,212.57,0.51,1.28,0.05,49.71,22.75,37.5,-,-7.3,-,-,-,0.05
Thu Dec 21 04:28:27 PST 2023,21-Dec-2023 04:28:29.312,-122.2491808066436,47.333617067519896,22.286930084228516,3.869433879852295,-3.6083326520898122,10.294503211975098,-,17.59,190.4,4.02,17.65,2120,2.34,0,-,5.38,48.2,210.56,0.4,1.2,0.05,50.33,24.71,37.5,13.34,-7.33,-,-,-,0.05
Thu Dec 21 04:28:29 PST 2023,21-Dec-2023 04:28:31.701,-122.24906048622725,47.3340180093982,22.76422882080078,4.061723232269287,-3.309016163970431,12.07206916809082,-,18.04,190.4,4.02,16.47,2142,2.34,0,-,5.38,48.2,220.59,0.44,1.23,0.05,50.33,21.18,39,13.34,-7.11,-,-,-,0.05
Thu Dec 21 04:28:32 PST 2023,21-Dec-2023 04:28:34.137,-122.24881908203848,47.33460092834516,23.019241333007812,4.0619988441467285,-2.547038781632555,17.88789176940918,-,18.35,190.4,3.94,14.51,2151.25,2.34,0,-,5.29,48.2,194.52,0.46,1.25,0.05,50.95,21.96,39.5,12.91,-8.07,-,-,-,0.05
Thu Dec 21 04:28:34 PST 2023,21-Dec-2023 04:28:36.472,-122.24856426382627,47.33497190233668,22.770111083984375,4.062180995941162,-1.4468505211016065,26.736478805541992,-,18.45,190.4,3.94,15.69,2137.5,2.34,0,-,5.29,48.2,206.55,0.48,1.26,0.05,50.95,22.75,38,12.91,-7.69,-,-,-,0.05
Thu Dec 21 04:28:36 PST 2023,21-Dec-2023 04:28:38.775,-122.24824415176484,47.33531705824792,22.739891052246094,4.0623602867126465,-0.9533223606469133,32.603187561035156,-,18.2,190.4,-,16.86,2154,2.34,0,-,-,48.2,222.59,0.45,1.24,0.05,50.95,23.14,38,-,-7.1,-,-,-,0.05
Thu Dec 21 04:28:39 PST 2023,21-Dec-2023 04:28:41.085,-122.24774715419267,47.33582564276775,22.513154983520508,4.141578674316406,-0.7900399721043768,33.887420654296875,-,29.38,190.4,-,6.67,2181.25,2.34,0,-,-,48.2,226.6,1.82,2,0.08,50.95,15.29,-1.5,-,-7.02,-,-,-,0.08
Thu Dec 21 04:28:41 PST 2023,21-Dec-2023 04:28:43.439,-122.24743487561156,47.336150710750196,21.533472061157227,4.15889835357666,-1.227225092906057,33.39012908935547,-,29.38,190.4,-,2.75,2025.75,2.34,0,-,-,48.2,40.11,2.37,2,0.03,47.85,14.9,-3,-,-13.36,-,-,-,0.03
Thu Dec 21 04:28:43 PST 2023,21-Dec-2023 04:28:45.727,-122.24717491794969,47.33646649626647,19.570249557495117,4.062984466552734,-0.6652319747772149,26.000980377197266,-,18.04,190.4,-,5.1,1870.25,2.34,0,-,-,48.2,38.1,0.44,1.23,0.04,44.74,20.78,35,-,-13.33,-,-,-,0.04
Thu Dec 21 04:28:45 PST 2023,21-Dec-2023 04:28:47.985,-122.24703198119242,47.33680775099297,19.42837142944336,3.996941328048706,-1.4449771827062732,10.636919975280762,-,18.61,188.6,-,16.47,1839.5,2.34,0,-,-,48.2,154.41,0.5,1.27,0.05,43.5,35.29,27,-,-8.67,-,-,-,0.05
Thu Dec 21 04:28:48 PST 2023,21-Dec-2023 04:28:50.320,-122.24705872302049,47.33733994859993,20.365751266479492,4.171572685241699,-2.31097264100768,351.8296203613281,-,18.66,188.6,7,18.43,1899.75,2.34,0,-,9.38,48.2,282.75,0.5,1.27,0.05,44.74,21.96,36.5,25.94,-3.48,-,-,-,0.05
Thu Dec 21 04:28:50 PST 2023,21-Dec-2023 04:28:52.536,-122.24723391011453,47.33770288292896,21.11400604248047,3.86905574798584,-3.348034157415058,339.16339111328125,-,18.97,188.6,11.49,14.51,1964.75,2.34,0,-,15.41,48.2,184.49,0.53,1.29,0.05,46.6,36.08,34.5,41.2,-7.61,-,-,-,0.05
Thu Dec 21 04:28:52 PST 2023,21-Dec-2023 04:28:54.928,-122.2475297405637,47.33804534231058,21.74476432800293,3.869027614593506,-5.679545658669647,327.1905822753906,-,18.04,188.6,11.94,23.53,1995.25,2.34,0,-,16.01,48.2,302.81,0.45,1.23,0.05,48.47,41.18,27.5,42.14,-3.45,-,-,-,0.05
Thu Dec 21 04:28:55 PST 2023,21-Dec-2023 04:28:57.238,-122.24807097176267,47.338539403873014,23.55606460571289,4.453493118286133,-4.755946204670661,324.95843505859375,-,17.83,188.6,20.12,25.1,2192,2.34,0,-,26.98,48.2,334.89,0.43,1.21,0.05,51.57,36.86,27.5,64.65,-2.45,-,-,-,0.05
Thu Dec 21 04:28:57 PST 2023,21-Dec-2023 04:28:59.507,-122.24842811071052,47.33889551374524,24.433992385864258,3.8689565658569336,-3.852347241713905,325.61590576171875,-,29.38,188.6,17.37,6.27,2278,2.34,0,-,23.29,48.2,222.59,2.02,2,0.07,54.06,14.9,-1.5,53.7,-7.29,-,-,-,0.07
Thu Dec 21 04:28:59 PST 2023,21-Dec-2023 04:29:01.860,-122.24876936615522,47.33925767840463,23.15774154663086,3.8689279556274414,-3.8098967375328705,328.9959716796875,-,29.38,188.6,17.37,3.14,2212.25,2.34,0,-,23.29,48.2,44.12,2.38,2,0.03,52.82,14.9,-1.5,53.7,-13.29,-,-,-,0.03
Thu Dec 21 04:29:02 PST 2023,21-Dec-2023 04:29:04.124,-122.24917627390096,47.33975027114596,18.998666763305664,4.077533721923828,-2.964811592635069,332.13189697265625,-,29.38,188.6,-,2.75,1957.75,2.34,0,-,-,48.2,40.11,2.39,2,0.03,46.6,14.51,-4,-,-13.38,-,-,-,0.03
Thu Dec 21 04:29:04 PST 2023,21-Dec-2023 04:29:06.439,-122.2493690819428,47.34002332632502,16.052034378051758,4.601726531982422,-2.8099812101723254,331.5325622558594,-,29.38,188.6,-,1.96,1604,2.34,0,-,-,48.2,32.09,2.38,2,0.02,37.9,14.12,-8.5,-,-13.5,-,-,-,0.02
Thu Dec 21 04:29:06 PST 2023,21-Dec-2023 04:29:08.669,-122.24953543265835,47.34023699228825,13.13866901397705,6.35378360748291,-3.7306819913446763,338.1880187988281,-,20.36,188.6,-,2.75,1221.5,2.34,0,-,-,48.2,26.07,0.64,1.38,0.03,29.83,14.51,32,-,-13.51,-,-,-,0.03
Thu Dec 21 04:29:09 PST 2023,21-Dec-2023 04:29:11.302,-122.24944690939222,47.34045601792792,8.306774139404297,4.451236248016357,-6.297020242589338,41.67081832885742,-,18.09,188.6,-,2.35,820,2.34,0,-,-,48.2,24.06,0.45,1.23,0.05,18.64,21.96,34.5,-,-13.26,-,-,-,0.05
Thu Dec 21 04:29:11 PST 2023,21-Dec-2023 04:29:13.610,-122.2492108807434,47.340529696506174,9.338827133178711,4.450916290283203,-6.84507034091734,71.85874938964844,-,17.99,188.6,-,20.78,1753,2.34,0,-,-,48.2,184.49,0.44,1.22,0.05,20.51,39.61,30,-,1.72,-,-,-,0.05
Thu Dec 21 04:29:13 PST 2023,21-Dec-2023 04:29:15.915,-122.24891830508322,47.34052072325107,11.521198272705078,4.111456871032715,-7.1702603583008075,92.62261962890625,-,17.35,188.6,16.67,8.24,2138,2.34,0,-,22.35,48.2,318.85,0.36,1.18,0.08,25.48,14.51,15.5,54.9,-1.42,-,-,-,0.08
Thu Dec 21 04:29:16 PST 2023,21-Dec-2023 04:29:18.193,-122.24846018778707,47.340510546876,10.098234176635742,4.450125217437744,-7.7480231149648064,84.9835433959961,-,20.51,188.6,16.67,1.57,853,2.34,0,-,22.35,48.2,24.06,0.66,1.4,0.05,23.61,14.12,21,54.9,-13.88,-,-,-,0.05
Thu Dec 21 04:29:18 PST 2023,21-Dec-2023 04:29:20.522,-122.24826986492845,47.34057839134301,6.854465961456299,3.90250301361084,-9.122678587093946,54.24329376220703,-,21.09,188.6,-,1.57,774,2.34,0,-,-,48.2,24.06,0.7,1.43,0.05,18.64,14.9,32,-,-12.64,-,-,-,0.05
Thu Dec 21 04:29:20 PST 2023,21-Dec-2023 04:29:22.731,-122.24825094490942,47.34068318871455,4.175836563110352,3.8795509338378906,-9.134872242443732,6.2526655197143555,-,21.02,188.6,-,1.96,685.25,2.34,0,-,-,48.2,26.07,0.7,1.43,0.04,9.32,14.12,13.5,-,-12.24,-,-,-,0.04
Thu Dec 21 04:29:22 PST 2023,21-Dec-2023 04:29:24.966,-122.24828322690118,47.34073179896006,3.144463300704956,3.9130897521972656,-8.359946786867303,344.30926513671875,-,17.51,188.6,-,3.92,693.25,2.34,0,-,-,48.2,28.07,0.39,1.19,0.05,7.46,17.65,33.5,-,-11.71,-,-,-,0.05
Thu Dec 21 04:29:25 PST 2023,21-Dec-2023 04:29:27.328,-122.2483011650998,47.340824462266546,4.395700931549072,4.710351943969727,-7.500565399235793,3.356855869293213,-,16.94,188.6,2.21,7.45,1261.5,2.34,0,-,2.96,48.2,98.26,0.32,1.15,0.05,9.32,18.04,36,12.34,-4.35,-,-,-,0.05
Thu Dec 21 04:29:27 PST 2023,21-Dec-2023 04:29:29.702,-122.24828460601346,47.34092194001542,5.539490699768066,4.883331298828125,-7.522954145166157,6.498835563659668,-,17.55,190.4,2.62,7.06,1332,2.34,0,-,3.52,48.2,94.25,0.39,1.19,0.05,11.18,17.65,36.5,13.88,-9.25,-,-,-,0.05
Thu Dec 21 04:29:29 PST 2023,21-Dec-2023 04:29:31.939,-122.24825727472444,47.34103609784869,5.873719692230225,5.003070831298828,-7.460221914262301,4.43718147277832,-,18.14,190.4,1.99,7.06,1348,2.34,0,-,2.66,48.2,88.24,0.45,1.23,0.05,12.43,17.65,39,10.38,-9.86,-,-,-,0.05
Thu Dec 21 04:29:32 PST 2023,21-Dec-2023 04:29:34.215,-122.2482630924484,47.34120507343763,5.606968402862549,5.088556289672852,-7.57674479009775,352.93359375,-,21.94,190.4,1.07,2.35,1163.75,2.34,0,-,1.44,48.2,36.1,0.76,1.49,0.05,13.05,14.12,24,6.5,-12.75,-,-,-,0.05
Thu Dec 21 04:29:34 PST 2023,21-Dec-2023 04:29:36.560,-122.24833955927997,47.3412906417105,5.206662178039551,4.968216896057129,-8.328207110842792,337.3409118652344,-,21.48,190.4,1.07,1.96,858.5,2.34,0,-,1.44,48.2,24.06,0.73,1.46,0.05,11.18,14.12,12,6.5,-13.19,-,-,-,0.05
Thu Dec 21 04:29:36 PST 2023,21-Dec-2023 04:29:38.857,-122.2483309888933,47.341359154932526,3.7445616722106934,4.238757610321045,-7.236939162761555,11.585359573364258,-,17.35,190.4,-,1.96,616,2.34,0,-,-,48.2,34.09,0.36,1.18,0.05,7.46,14.51,2,-,-11.8,-,-,-,0.05
Thu Dec 21 04:29:39 PST 2023,21-Dec-2023 04:29:41.200,-122.24829412394682,47.34136521308717,0.621525228023529,4.19956111907959,-8.478614199566673,28.906713485717773,-,16.2,190.4,-,2.35,797,2.34,0,-,-,46.4,36.1,0.23,1.1,0.05,0,14.51,-3,-,-10.42,-,-,-,0.05
Thu Dec 21 04:29:41 PST 2023,21-Dec-2023 04:29:43.505,-122.24830957448292,47.34134397712661,0.6668669581413269,4.239908218383789,-7.470277275905237,28.906713485717773,-,17.94,190.4,0.45,2.75,711.5,2.34,0,-,0.6,46.4,34.09,0.43,1.22,0.05,1.86,14.51,13.5,4.45,-11.59,-,-,-,0.05
Thu Dec 21 04:29:43 PST 2023,21-Dec-2023 04:29:45.732,-122.24833150176232,47.34132436083762,1.3921891450881958,4.240365505218506,-5.880256081915058,265.5439453125,-,17.99,190.4,0.45,2.35,586.5,2.34,0,-,0.6,48.2,34.09,0.43,1.22,0.05,1.86,14.9,6.5,4.45,-11.22,-,-,-,0.05
Thu Dec 21 04:29:46 PST 2023,21-Dec-2023 04:29:48.117,-122.24834288094134,47.341315102019024,1.0482914447784424,4.686491966247559,-3.703524014307824,87.47492980957031,-,16.67,190.4,-,2.35,665.5,2.34,0,-,-,48.2,38.1,0.29,1.13,0.05,0,18.82,27.5,-,-9.96,-,-,-,0.05
Thu Dec 21 04:29:48 PST 2023,21-Dec-2023 04:29:50.399,-122.24828821747896,47.341313926382384,1.6874538660049438,4.686899662017822,-3.5779904355803027,96.47815704345703,-,19.18,190.4,2.41,2.35,960,2.34,0,-,3.23,48.2,42.11,0.54,1.3,0.05,4.35,14.9,22.5,17.65,-10.08,-,-,-,0.05
Thu Dec 21 04:29:50 PST 2023,21-Dec-2023 04:29:52.731,-122.24826675979232,47.34131003952338,0.0,4.6873064041137695,-4.5223462082924115,96.47815704345703,-,19.43,190.4,2.41,2.35,780.75,2.34,0,-,3.23,48.2,28.07,0.56,1.32,0.05,0,14.12,6,17.65,-12.57,-,-,-,0.05
Thu Dec 21 04:29:53 PST 2023,21-Dec-2023 04:29:55.043,-122.24826675979232,47.34131003952338,0.0,5.745070457458496,-3.0701122919934516,96.47815704345703,-,17.27,190.4,0.05,2.75,944.25,2.34,0,-,0.07,48.2,62.17,0.36,1.17,0.05,0.62,14.9,12,0.36,-8.89,-,-,-,0.05
Thu Dec 21 04:29:55 PST 2023,21-Dec-2023 04:29:57.426,-122.24831933852307,47.34131729449693,0.9533972144126892,4.688325881958008,-2.507857893084758,272.750732421875,-,17.99,190.4,0.29,2.75,740.75,2.34,0,-,0.39,48.2,40.11,0.43,1.22,0.05,1.86,14.9,12.5,2.79,-11.6,-,-,-,0.05
Thu Dec 21 04:29:57 PST 2023,21-Dec-2023 04:29:59.752,-122.24834657069377,47.341321702360105,0.7547306418418884,5.746162414550781,-2.604235218436622,272.750732421875,-,18.45,190.4,0.29,2.75,688.5,2.34,0,-,0.39,48.2,38.1,0.47,1.26,0.05,1.24,14.9,21.5,2.79,-10.95,-,-,-,0.05
Thu Dec 21 04:30:00 PST 2023,21-Dec-2023 04:30:02.080,-122.24836330650491,47.34132497109803,0.0,5.746982097625732,-1.955854712961608,272.750732421875,-,18.61,190.4,-,2.35,729,2.34,0,-,-,48.2,34.09,0.48,1.27,0.05,0,14.51,21.5,-,-11.09,-,-,-,0.05
Thu Dec 21 04:30:02 PST 2023,21-Dec-2023 04:30:04.486,-122.2483536539495,47.34132366881414,1.026188850402832,5.747531890869141,-1.8494667016249957,74.21875762939453,-,18.09,190.4,0.19,2.75,716.5,2.34,0,-,0.26,48.2,40.11,0.44,1.23,0.05,1.24,14.9,32,1.91,-10.68,-,-,-,0.05
Thu Dec 21 04:30:04 PST 2023,21-Dec-2023 04:30:06.787,-122.24831563574557,47.34132053115406,0.6824373602867126,5.748083591461182,-2.138180873688451,84.3624038696289,-,18.55,190.4,0.19,2.75,697.75,2.34,0,-,0.26,48.2,34.09,0.48,1.26,0.05,0.62,14.51,3,1.91,-11.23,-,-,-,0.05
Thu Dec 21 04:30:07 PST 2023,21-Dec-2023 04:30:09.071,-122.24832754284554,47.34131493873489,0.5677696466445923,4.690798282623291,-1.9513045002455238,84.3624038696289,-,17.55,190.4,-,2.75,669.5,2.34,0,-,-,48.2,36.1,0.39,1.19,0.05,0,14.9,17,-,-10.92,-,-,-,0.05
Thu Dec 21 04:30:09 PST 2023,21-Dec-2023 04:30:11.398,-122.24836847554771,47.341314181726524,0.5990436673164368,5.7494587898254395,-1.2104715658008338,84.3624038696289,-,17.83,190.4,0.05,3.14,638.25,2.34,0,-,0.07,48.2,38.1,0.41,1.21,0.05,0.62,14.9,9,0.55,-10.55,-,-,-,0.05
Thu Dec 21 04:30:11 PST 2023,21-Dec-2023 04:30:13.737,-122.24837458280105,47.34131383819263,0.49034786224365234,5.750006675720215,-0.37167491568709915,84.3624038696289,-,18.2,190.4,0.05,2.75,677.25,2.34,0,-,0.07,50,40.11,0.45,1.24,0.05,0.62,14.9,20,0.55,-10.11,-,-,-,0.05
Thu Dec 21 04:30:14 PST 2023,21-Dec-2023 04:30:16.103,-122.24837729205821,47.34131285244417,0.0,5.7508392333984375,-1.1984620569669797,84.3624038696289,-,17.19,190.4,-,2.75,660.5,2.34,0,-,-,50,42.11,0.35,1.17,0.05,0,20.39,32,-,-10.15,-,-,-,0.05
Thu Dec 21 04:30:16 PST 2023,21-Dec-2023 04:30:18.462,-122.24834249008175,47.34131931893015,2.871347665786743,5.7513957023620605,-0.8391797279819267,88.37482452392578,-,18.61,190.4,5.04,3.92,1822.25,2.34,0,-,6.75,53.6,270.72,0.48,1.27,0.07,6.21,14.9,10.5,19.47,15.32,-,-,-,0.07
Thu Dec 21 04:30:18 PST 2023,21-Dec-2023 04:30:20.639,-122.24826894319519,47.341314696414976,0.42883720993995667,5.751953125,-2.5950840704313176,93.9361572265625,-,17.31,190.4,5.04,3.14,714,2.34,0,-,6.75,53.6,46.12,0.36,1.18,0.05,0,14.9,15,19.47,-12.83,-,-,-,0.05
Thu Dec 21 04:30:20 PST 2023,21-Dec-2023 04:30:22.989,-122.24826920603766,47.34131041328351,0.32747358083724976,4.693506240844727,-2.628180867966025,93.9361572265625,-,17.47,188.6,0.05,2.35,740.75,2.34,0,-,0.07,53.6,36.1,0.38,1.19,0.05,0.62,14.9,12.5,0.46,-10.97,-,-,-,0.05
Thu Dec 21 04:30:23 PST 2023,21-Dec-2023 04:30:25.404,-122.24829549488369,47.34130675409827,1.2519986629486084,5.753348350524902,-3.0639480151684206,264.5256652832031,-,17.99,188.6,0.29,2.35,735.75,2.34,0,-,0.39,53.6,38.1,0.43,1.22,0.05,1.86,14.9,27,2.79,-10.91,-,-,-,0.05
Thu Dec 21 04:30:25 PST 2023,21-Dec-2023 04:30:27.777,-122.24834255166556,47.34131760159392,0.9744672179222107,5.753903865814209,-3.630723223960202,267.8748474121094,-,18.61,188.6,0.29,2.35,672.25,2.34,0,-,0.39,53.6,34.09,0.48,1.27,0.05,1.86,14.51,21.5,2.79,-11.28,-,-,-,0.05
Thu Dec 21 04:30:28 PST 2023,21-Dec-2023 04:30:30.059,-122.24836091583066,47.34132524432855,0.0,4.695187091827393,-3.984314100942569,267.8748474121094,-,19.07,188.6,-,2.35,707,2.34,0,-,-,53.6,34.09,0.53,1.3,0.05,0,14.12,7.5,-,-10.96,-,-,-,0.05
Thu Dec 21 04:30:31 PST 2023,21-Dec-2023 04:30:33.051,-122.24836091583066,47.34132524432855,0.0,4.6958231925964355,-4.248511543941792,267.8748474121094,-,19.07,188.6,-,1.96,711.5,2.34,0,-,-,53.6,30.08,0.53,1.3,0.05,0,14.12,7.5,-,-11.56,-,-,-,0.05
Thu Dec 21 04:30:34 PST 2023,21-Dec-2023 04:30:36.639,-122.24836091583066,47.34132524432855,0.0,4.136800289154053,-5.407243126960637,267.8748474121094,-,19.07,188.6,-,1.96,711.5,2.34,0,-,-,53.6,30.08,0.53,1.3,0.05,0,14.12,7.5,-,-11.56,-,-,-,0.05
Thu Dec 21 04:30:37 PST 2023,21-Dec-2023 04:30:39.811,-122.24836091583066,47.34132524432855,0.0,3.852870225906372,-5.774867343947191,267.8748474121094,-,19.07,188.6,-,1.96,711.5,2.34,0,-,-,53.6,30.08,0.53,1.3,0.05,0,14.12,7.5,-,-11.56,-,-,-,0.05
Thu Dec 21 04:30:40 PST 2023,21-Dec-2023 04:30:42.844,-122.24836091583066,47.34132524432855,0.0,3.9549593925476074,-6.250825474634688,267.8748474121094,-,19.07,188.6,-,1.96,711.5,2.34,0,-,-,53.6,30.08,0.53,1.3,0.05,0,14.12,7.5,-,-11.56,-,-,-,0.05
Thu Dec 21 04:30:44 PST 2023,21-Dec-2023 04:30:46.309,-122.24836091583066,47.34132524432855,0.0,4.013505458831787,-6.965603418776916,267.8748474121094,-,19.07,188.6,-,1.96,711.5,2.34,0,-,-,53.6,30.08,0.53,1.3,0.05,0,14.12,7.5,-,-11.56,-,-,-,0.05
Thu Dec 21 04:31:04 PST 2023,21-Dec-2023 04:31:06.783,-122.24836091583066,47.34132524432855,0.0,4.259324073791504,-6.717257628803113,267.8748474121094,-,14.47,188.6,-,1.96,711.5,2.34,0,-,-,57.2,30.08,-0.06,0.98,0.58,0,14.9,3,-,-11.56,-,-,-,0.58
Thu Dec 21 04:31:11 PST 2023,21-Dec-2023 04:31:13.123,-122.24832214149858,47.34133567144878,0.29849886894226074,3.910234212875366,-6.618331585759466,267.8748474121094,-,15.03,192.2,-,1.96,652,2.34,3.12,-,-,59,28.07,0.06,1.02,0.67,0,14.12,10.5,-,-11.77,-,-,-,0.67
GPS Time, Device Time, Longitude, Latitude,GPS Speed (Meters/second), Horizontal Dilution of Precision, Altitude, Bearing, Absolute Throttle Position B(%),Air Fuel Ratio(Measured)(:1),Engine Coolant Temperature(°F),Engine kW (At the wheels)(kW),Engine Load(%),Engine RPM(rpm),Fuel Trim Bank 1 Long Term(%),Fuel Trim Bank 1 Short Term(%),Fuel trim Bank 1 Sensor 2(%),Horsepower (At the wheels)(hp),Intake Air Temperature(°F),Mass Air Flow Rate(cfm),O2 Sensor1 Wide Range Current(mA),O2 Bank 1 Sensor 1 Wide Range Equivalence Ratio(λ),O2 Bank 1 Sensor 2 Voltage(V),Speed (OBD)(mph),Throttle Position(Manifold)(%),Timing Advance(°),Torque(ft-lb),Turbo Boost & Vacuum Gauge(psi),Fuel trim bank 1 sensor 1(%),Fuel trim bank 1 sensor 2(%),O2 Volts Bank 1 sensor 1(V),O2 Volts Bank 1 sensor 2(V)
Thu Dec 21 04:31:29 PST 2023,21-Dec-2023 04:31:31.968,-122.24832519321808,47.341337647756006,0.0,4.26529598236084,-6.923058006046202,267.8748474121094,-,14.8,192.2,-,1.96,665.5,2.34,7.03,-,-,60.8,26.07,0.01,1.01,0.76,0,14.12,13.5,-,-11.78,-,-,-,0.76
Thu Dec 21 04:31:36 PST 2023,21-Dec-2023 04:31:38.161,-122.24832519321808,47.341337647756006,0.0,4.27802038192749,-6.792541511821112,267.8748474121094,-,14.72,192.2,-,1.57,661.75,2.34,10.16,-,-,60.8,26.07,-0.01,1,0.76,0,14.12,15.5,-,-11.77,-,-,-,0.76
Thu Dec 21 04:31:42 PST 2023,21-Dec-2023 04:31:44.342,-122.24832519321808,47.341337647756006,0.0,4.2684221267700195,-6.871553873196345,267.8748474121094,-,14.69,192.2,-,1.57,668.75,2.34,10.94,-,-,60.8,24.06,-0.01,1,0.77,0,14.12,12,-,-11.98,-,-,-,0.77
Thu Dec 21 04:31:48 PST 2023,21-Dec-2023 04:31:50.753,-122.24837199455293,47.34134034221531,1.0200505256652832,5.299184322357178,-4.973582121394622,230.21153259277344,-,14.65,192.2,-,1.57,649,2.34,7.03,-,-,62.6,26.07,-0.02,1,0.77,0,14.12,14,-,-11.78,-,-,-,0.77
Thu Dec 21 04:31:54 PST 2023,21-Dec-2023 04:31:56.936,-122.24840454596534,47.34133444230183,0.0,6.066727161407471,-2.646573335741749,230.21153259277344,-,14.65,192.2,-,1.96,648,2.34,7.81,-,-,62.6,26.07,-0.02,1,0.78,0,14.12,13.5,-,-11.68,-,-,-,0.78
Thu Dec 21 04:32:01 PST 2023,21-Dec-2023 04:32:03.205,-122.24836603320432,47.341315853532926,0.0,4.15888786315918,-4.803323738610514,230.7344970703125,-,14.72,192.2,0.31,1.57,667.25,2.34,7.03,-,0.42,62.6,26.07,-0.01,1,0.79,0,14.12,14,-,-11.68,-,-,-,0.79
Thu Dec 21 04:32:07 PST 2023,21-Dec-2023 04:32:09.490,-122.24838104634406,47.341342392650475,0.4245149493217468,4.274471759796143,-5.288794828586473,320.20196533203125,-,14.69,194,-,1.96,645.25,2.34,9.38,-,-,64.4,24.06,-0.01,1,0.79,0,14.12,13.5,-,-11.99,-,-,-,0.79
Thu Dec 21 04:32:13 PST 2023,21-Dec-2023 04:32:15.732,-122.24837680882702,47.341339544565976,0.0,4.2759318351745605,-5.644973495397211,320.20196533203125,-,14.77,194,-,1.96,636.25,2.34,6.25,-,-,64.4,26.07,0,1,0.79,0,14.12,12,-,-11.66,-,-,-,0.79
Thu Dec 21 04:32:19 PST 2023,21-Dec-2023 04:32:22.034,-122.24837680882702,47.341339544565976,0.0,4.224956512451172,-6.675595539374445,320.20196533203125,-,14.78,194,-,1.57,645.75,2.34,9.38,-,-,64.4,24.06,0.01,1.01,0.8,0,14.12,13.5,-,-11.85,-,-,-,0.8
Thu Dec 21 04:32:26 PST 2023,21-Dec-2023 04:32:28.303,-122.24837680882702,47.341339544565976,0.0,4.279103755950928,-7.091764171129063,320.20196533203125,-,14.77,194,-,1.57,682.25,2.34,7.03,-,-,64.4,24.06,0,1,0.81,0,14.12,12.5,-,-11.89,-,-,-,0.81
Thu Dec 21 04:32:32 PST 2023,21-Dec-2023 04:32:34.580,-122.24837680882702,47.341339544565976,0.0,4.280571460723877,-7.3796193469091165,320.20196533203125,-,14.78,194,-,1.96,661.25,2.34,9.38,-,-,64.4,24.06,0.01,1.01,0.81,0,14.12,12,-,-12.04,-,-,-,0.81
Thu Dec 21 04:32:38 PST 2023,21-Dec-2023 04:32:40.844,-122.24837680882702,47.341339544565976,0.0,4.28204345703125,-8.099120485006322,320.20196533203125,-,14.77,195.8,-,1.57,638.75,2.34,7.03,-,-,64.4,24.06,0,1,0.81,0,14.12,14,-,-11.96,-,-,-,0.81
Thu Dec 21 04:32:45 PST 2023,21-Dec-2023 04:32:47.071,-122.24837680882702,47.341339544565976,0.0,4.283760070800781,-8.1883061422465,320.20196533203125,-,14.69,195.8,-,1.57,682.75,2.34,9.38,-,-,64.4,24.06,-0.01,1,0.81,0,14.12,13.5,-,-11.86,-,-,-,0.81
Thu Dec 21 04:32:51 PST 2023,21-Dec-2023 04:32:53.395,-122.24837680882702,47.341339544565976,0.0,4.285238265991211,-8.710502468558502,320.20196533203125,-,14.67,195.8,-,1.57,641.75,2.34,7.03,-,-,66.2,24.06,-0.02,1,0.81,0,14.12,14,-,-12.05,-,-,-,0.81
Thu Dec 21 04:32:57 PST 2023,21-Dec-2023 04:32:59.803,-122.24837680882702,47.341339544565976,0.0,4.286717414855957,-9.328745139926669,320.20196533203125,-,14.65,195.8,-,1.57,647.5,2.34,9.38,-,-,66.2,24.06,-0.02,1,0.81,0,14.12,15,-,-11.87,-,-,-,0.81
Thu Dec 21 04:33:04 PST 2023,21-Dec-2023 04:33:06.121,-122.24837680882702,47.341339544565976,0.0,4.288447856903076,-9.583325407521313,320.20196533203125,-,14.72,197.6,-,1.57,647,2.34,7.03,-,-,66.2,24.06,-0.01,1,0.81,0,14.12,15,-,-11.89,-,-,-,0.81
Thu Dec 21 04:33:10 PST 2023,21-Dec-2023 04:33:12.415,-122.24837680882702,47.341339544565976,0.0,4.289931297302246,-8.955578731909455,320.20196533203125,-,14.69,197.6,-,1.57,639.5,2.34,9.38,-,-,68,24.06,-0.01,1,0.81,0,14.12,15.5,-,-11.89,-,-,-,0.81
Thu Dec 21 04:33:16 PST 2023,21-Dec-2023 04:33:18.720,-122.24837680882702,47.341339544565976,0.0,4.291418075561523,-8.263733616373287,320.20196533203125,-,14.86,197.6,-,1.57,676.75,2.34,8.59,-,-,68,24.06,0.03,1.01,0.82,0,14.12,14,-,-11.85,-,-,-,0.82
Thu Dec 21 04:33:23 PST 2023,21-Dec-2023 04:33:25.020,-122.24837680882702,47.341339544565976,0.0,4.293157577514648,-8.136291262907163,320.20196533203125,-,14.75,199.4,-,1.96,684.25,2.34,6.25,-,-,69.8,24.06,0,1,0.81,0,14.12,13.5,-,-12,-,-,-,0.81
Thu Dec 21 04:33:29 PST 2023,21-Dec-2023 04:33:31.315,-122.24837680882702,47.341339544565976,0.0,4.372957229614258,-8.190400621071072,320.20196533203125,-,14.78,199.4,-,1.57,663.5,2.34,8.59,-,-,69.8,24.06,0.01,1.01,0.81,0,14.12,14,-,-12.02,-,-,-,0.81
Thu Dec 21 04:33:35 PST 2023,21-Dec-2023 04:33:37.622,-122.24837680882702,47.341339544565976,0.0,4.296143531799316,-8.041749568941738,320.20196533203125,-,14.78,199.4,-,1.57,640,2.34,6.25,-,-,69.8,24.06,0.01,1.01,0.81,0,14.12,13.5,-,-11.94,-,-,-,0.81
Thu Dec 21 04:33:41 PST 2023,21-Dec-2023 04:33:43.946,-122.24837680882702,47.341339544565976,0.0,4.287055015563965,-7.763899723837439,320.20196533203125,-,14.67,199.4,-,1.57,639,2.34,8.59,-,-,69.8,24.06,-0.02,1,0.81,0,14.12,15.5,-,-11.84,-,-,-,0.81
Thu Dec 21 04:33:48 PST 2023,21-Dec-2023 04:33:50.305,-122.24837680882702,47.341339544565976,0.0,4.287611484527588,-7.990954363467927,320.20196533203125,-,14.78,199.4,-,1.57,681.5,2.34,5.47,-,-,71.6,24.06,0.01,1.01,0.8,0,14.12,13.5,-,-11.83,-,-,-,0.8
Thu Dec 21 04:33:54 PST 2023,21-Dec-2023 04:33:56.619,-122.24837680882702,47.341339544565976,0.0,4.828925132751465,-7.818760654739631,320.20196533203125,-,14.86,199.4,-,1.57,685.25,2.34,8.59,-,-,71.6,24.06,0.03,1.01,0.8,0,14.12,13.5,-,-12,-,-,-,0.8
Thu Dec 21 04:34:00 PST 2023,21-Dec-2023 04:34:02.882,-122.24837680882702,47.341339544565976,0.0,4.7440505027771,-7.894093391740896,320.20196533203125,-,14.84,199.4,-,1.57,679,2.34,7.03,-,-,71.6,24.06,0.02,1.01,0.81,0,14.12,13.5,-,-12.02,-,-,-,0.81
Thu Dec 21 04:34:07 PST 2023,21-Dec-2023 04:34:09.218,-122.24837680882702,47.341339544565976,0.0,4.745798587799072,-6.692234487706033,320.20196533203125,-,14.78,199.4,-,1.57,660.5,2.34,8.59,-,-,71.6,24.06,0.01,1.01,0.81,0,14.12,14,-,-11.99,-,-,-,0.81
Thu Dec 21 04:34:14 PST 2023,21-Dec-2023 04:34:16.116,-122.24837680882702,47.341339544565976,0.0,4.747550964355469,-6.289406928964914,320.20196533203125,-,14.82,199.4,-,1.57,662.75,2.34,8.59,-,-,73.4,24.06,0.02,1.01,0.8,0,14.12,12.5,-,-11.91,-,-,-,0.8
Thu Dec 21 04:34:20 PST 2023,21-Dec-2023 04:34:22.486,-122.24837680882702,47.341339544565976,0.0,4.749064922332764,-6.163070784853772,320.20196533203125,-,14.75,201.2,-,1.57,670.25,2.34,8.59,-,-,73.4,24.06,0,1,0.79,0,14.12,14,-,-11.92,-,-,-,0.79
Thu Dec 21 04:34:26 PST 2023,21-Dec-2023 04:34:28.842,-122.24837680882702,47.341339544565976,0.0,4.75058126449585,-5.4846555707879014,320.20196533203125,-,14.72,201.2,-,1.57,645.5,2.34,5.47,-,-,73.4,26.07,-0.01,1,0.79,0,14.12,12.5,-,-11.72,-,-,-,0.79
Thu Dec 21 04:34:33 PST 2023,21-Dec-2023 04:34:35.148,-122.24837680882702,47.341339544565976,0.0,4.75235652923584,-5.420375363362382,320.20196533203125,-,14.65,201.2,-,1.57,674.25,2.34,7.81,-,-,75.2,24.06,-0.02,1,0.8,0,14.12,14,-,-11.84,-,-,-,0.8
Thu Dec 21 04:34:39 PST 2023,21-Dec-2023 04:34:41.437,-122.24837680882702,47.341339544565976,0.0,4.212790489196777,-5.3181694649900475,320.20196533203125,-,14.8,201.2,-,1.96,670.5,2.34,3.91,-,-,75.2,24.06,0.01,1.01,0.8,0,14.12,13.5,-,-11.96,-,-,-,0.8
Thu Dec 21 04:34:45 PST 2023,21-Dec-2023 04:34:47.759,-122.24837680882702,47.341339544565976,0.0,4.7554216384887695,-5.034684106252935,320.20196533203125,-,14.69,201.2,-,1.57,653.75,2.34,5.47,-,-,75.2,24.06,-0.01,1,0.79,0,14.12,14,-,-11.94,-,-,-,0.79
Thu Dec 21 04:34:52 PST 2023,21-Dec-2023 04:34:54.097,-122.24837680882702,47.341339544565976,0.0,4.757219314575195,-5.358854617295073,320.20196533203125,-,14.77,203,-,1.57,644.25,2.34,2.34,-,-,75.2,24.06,0,1,0.79,0,14.12,15,-,-11.87,-,-,-,0.79
Thu Dec 21 04:34:58 PST 2023,21-Dec-2023 04:35:00.405,-122.24837680882702,47.341339544565976,0.0,4.758767604827881,-5.822240001032104,320.20196533203125,-,14.77,203,-,1.57,641.25,2.34,1.56,-,-,75.2,24.06,0,1,0.79,0,14.12,13.5,-,-11.83,-,-,-,0.79
Thu Dec 21 04:35:04 PST 2023,21-Dec-2023 04:35:06.745,-122.24837680882702,47.341339544565976,0.0,4.760318279266357,-6.454805817400747,320.20196533203125,-,14.72,203,-,1.57,687.75,2.34,3.91,-,-,77,24.06,-0.01,1,0.79,0,14.12,13.5,-,-11.82,-,-,-,0.79
Thu Dec 21 04:35:11 PST 2023,21-Dec-2023 04:35:13.080,-122.24837680882702,47.341339544565976,0.0,4.7621378898620605,-6.769153972222272,320.20196533203125,-,14.75,203,-,1.57,677.25,2.34,0.78,-,-,77,24.06,0,1,0.79,0,14.12,13.5,-,-12,-,-,-,0.79
Thu Dec 21 04:35:17 PST 2023,21-Dec-2023 04:35:19.415,-122.24837680882702,47.341339544565976,0.0,4.763702869415283,-6.648340389196101,320.20196533203125,-,14.61,203,-,1.57,685.75,2.34,2.34,-,-,77,24.06,-0.03,0.99,0.8,0,14.12,12.5,-,-11.96,-,-,-,0.8
Thu Dec 21 04:35:23 PST 2023,21-Dec-2023 04:35:25.748,-122.24837680882702,47.341339544565976,0.0,4.765273094177246,-6.045190523937706,320.20196533203125,-,14.63,204.8,-,1.57,675.5,2.34,-4.69,-,-,78.8,24.06,-0.02,1,0.8,0,14.12,13.5,-,-11.99,-,-,-,0.8
Thu Dec 21 04:35:30 PST 2023,21-Dec-2023 04:35:32.068,-122.24837680882702,47.341339544565976,0.0,4.7671122550964355,-6.243541891828914,320.20196533203125,-,14.72,204.8,-,1.57,663,2.34,-6.25,-,-,78.8,22.06,-0.01,1,0.79,0,14.12,15.5,-,-12.17,-,-,-,0.79
Thu Dec 21 04:35:36 PST 2023,21-Dec-2023 04:35:38.384,-122.24837680882702,47.341339544565976,0.0,4.810077667236328,-6.508679182910426,320.20196533203125,-,14.8,204.8,-,1.57,670,2.34,-9.38,-,-,78.8,24.06,0.01,1.01,0.79,0,14.12,15,-,-11.89,-,-,-,0.79
Thu Dec 21 04:35:42 PST 2023,21-Dec-2023 04:35:44.740,-122.24837680882702,47.341339544565976,0.0,5.852497100830078,-6.674246820301016,320.20196533203125,-,15.13,204.8,-,1.57,641.5,2.34,-4.69,-,-,78.8,24.06,0.08,1.03,0.79,0,14.12,15,-,-11.92,-,-,-,0.79
Thu Dec 21 04:35:49 PST 2023,21-Dec-2023 04:35:51.053,-122.24837680882702,47.341339544565976,0.0,5.854859352111816,-6.741071637945122,320.20196533203125,-,14.82,204.8,-,1.57,676,2.34,3.12,-,-,80.6,24.06,0.02,1.01,0.77,0,14.12,15.5,-,-11.8,-,-,-,0.77
Thu Dec 21 04:35:55 PST 2023,21-Dec-2023 04:35:57.362,-122.24837680882702,47.341339544565976,0.0,5.856886386871338,-6.830556990549726,320.20196533203125,-,14.78,204.8,-,1.96,649.5,2.34,7.03,-,-,80.6,26.07,0.01,1.01,0.8,0,14.12,15.5,-,-11.71,-,-,-,0.8
Thu Dec 21 04:36:01 PST 2023,21-Dec-2023 04:36:03.694,-122.24837680882702,47.341339544565976,0.0,4.483170032501221,-6.925202792533312,320.20196533203125,-,14.77,204.8,-,1.57,689.5,2.34,7.03,-,-,80.6,24.06,0,1,0.8,0,14.12,14,-,-11.82,-,-,-,0.8
Thu Dec 21 04:36:07 PST 2023,21-Dec-2023 04:36:09.971,-122.24837680882702,47.341339544565976,0.0,4.428377628326416,-7.02017805444644,320.20196533203125,-,14.77,204.8,-,1.57,685.25,2.34,3.91,-,-,80.6,24.06,0,1,0.79,0,14.12,13.5,-,-11.99,-,-,-,0.79
Thu Dec 21 04:36:14 PST 2023,21-Dec-2023 04:36:16.347,-122.24837680882702,47.341339544565976,0.0,4.428817272186279,-6.86684010476963,320.20196533203125,-,14.78,204.8,-,1.96,680.5,2.34,7.03,-,-,82.4,24.06,0.01,1.01,0.79,0,14.12,14,-,-11.97,-,-,-,0.79
Thu Dec 21 04:36:20 PST 2023,21-Dec-2023 04:36:22.668,-122.24837680882702,47.341339544565976,0.0,5.8088154792785645,-6.887278105437864,320.20196533203125,-,14.82,204.8,-,1.57,674,2.34,4.69,-,-,82.4,26.07,0.02,1.01,0.79,0,14.12,14,-,-11.72,-,-,-,0.79
Thu Dec 21 04:36:26 PST 2023,21-Dec-2023 04:36:28.953,-122.24837680882702,47.341339544565976,0.0,4.576035022735596,-7.032520210980831,320.20196533203125,-,14.78,204.8,-,1.96,662.75,2.34,7.03,-,-,82.4,24.06,0.01,1.01,0.79,0,14.12,12.5,-,-11.92,-,-,-,0.79
Thu Dec 21 04:36:33 PST 2023,21-Dec-2023 04:36:35.253,-122.24837680882702,47.341339544565976,0.0,5.46439266204834,-6.110690758525152,320.20196533203125,-,14.8,204.8,-,1.57,641,2.34,4.69,-,-,84.2,24.06,0.01,1.01,0.79,0,14.12,15.5,-,-11.87,-,-,-,0.79
Thu Dec 21 04:36:39 PST 2023,21-Dec-2023 04:36:41.538,-122.24837680882702,47.341339544565976,0.0,4.485711574554443,-4.807521867785029,320.20196533203125,-,14.69,204.8,-,1.57,680,2.34,6.25,-,-,84.2,24.06,-0.01,1,0.8,0,14.12,13.5,-,-11.77,-,-,-,0.8
Thu Dec 21 04:36:45 PST 2023,21-Dec-2023 04:36:47.864,-122.24837680882702,47.341339544565976,0.0,5.873943328857422,-4.620318751350859,320.20196533203125,-,14.75,206.6,-,1.57,675.5,2.34,3.91,-,-,84.2,24.06,0,1,0.79,0,14.12,15.5,-,-11.93,-,-,-,0.79
Thu Dec 21 04:36:52 PST 2023,21-Dec-2023 04:36:54.192,-122.24837680882702,47.341339544565976,0.0,5.876350402832031,-3.2136940631617987,320.20196533203125,-,14.8,206.6,-,1.57,669.75,2.34,6.25,-,-,84.2,24.06,0.01,1.01,0.79,0,14.12,14,-,-11.92,-,-,-,0.79
Thu Dec 21 04:36:58 PST 2023,21-Dec-2023 04:37:00.532,-122.24837680882702,47.341339544565976,0.0,5.878420829772949,-2.6963893542299555,320.20196533203125,-,14.86,206.6,-,1.57,672,2.34,3.12,-,-,86,26.07,0.03,1.01,0.79,0,14.12,15,-,-11.66,-,-,-,0.79
Thu Dec 21 04:37:04 PST 2023,21-Dec-2023 04:37:06.890,-122.24837680882702,47.341339544565976,0.0,5.880483627319336,-2.6515251297397455,320.20196533203125,-,14.84,206.6,-,1.57,665.5,2.34,5.47,-,-,86,24.06,0.02,1.01,0.79,0,14.12,13.5,-,-11.89,-,-,-,0.79
Thu Dec 21 04:37:11 PST 2023,21-Dec-2023 04:37:13.199,-122.24837680882702,47.341339544565976,0.0,5.882906913757324,-2.758743438172937,320.20196533203125,-,14.84,206.6,-,1.57,650.25,2.34,6.25,-,-,86,24.06,0.02,1.01,0.79,0,14.12,12.5,-,-11.86,-,-,-,0.79
Thu Dec 21 04:37:17 PST 2023,21-Dec-2023 04:37:19.544,-122.24837680882702,47.341339544565976,0.0,5.884985446929932,-2.6692267782072907,320.20196533203125,-,14.78,206.6,-,1.57,639.5,2.34,3.12,-,-,86,24.06,0.01,1.01,0.79,0,14.12,14,-,-11.8,-,-,-,0.79
Thu Dec 21 04:37:23 PST 2023,21-Dec-2023 04:37:25.891,-122.24837680882702,47.341339544565976,0.0,5.887063026428223,-2.7895738466818725,320.20196533203125,-,14.78,206.6,-,1.96,653.75,2.34,5.47,-,-,86,26.07,0.01,1.01,0.79,0,14.12,13.5,-,-11.5,-,-,-,0.79
Thu Dec 21 04:37:30 PST 2023,21-Dec-2023 04:37:32.224,-122.24837680882702,47.341339544565976,0.0,5.889497756958008,-2.873036935230559,320.20196533203125,-,14.77,206.6,-,1.57,651,2.34,3.12,-,-,87.8,26.07,0,1,0.79,0,14.12,12.5,-,-11.57,-,-,-,0.79
Thu Dec 21 04:37:36 PST 2023,21-Dec-2023 04:37:38.522,-122.24837680882702,47.341339544565976,0.0,5.891584396362305,-2.955525392131163,320.20196533203125,-,14.67,208.4,-,1.57,640.5,2.34,6.25,-,-,87.8,24.06,-0.02,1,0.79,0,14.12,12,-,-11.79,-,-,-,0.79
Thu Dec 21 04:37:42 PST 2023,21-Dec-2023 04:37:44.825,-122.24837680882702,47.341339544565976,0.0,5.893675804138184,-3.32595781988751,320.20196533203125,-,14.89,208.4,-,1.57,684.25,2.34,3.12,-,-,87.8,26.07,0.03,1.01,0.79,0,14.12,12,-,-11.5,-,-,-,0.79
Thu Dec 21 04:37:49 PST 2023,21-Dec-2023 04:37:51.161,-122.24837680882702,47.341339544565976,0.0,5.896100997924805,-3.6003335775636005,320.20196533203125,-,14.72,208.4,-,1.57,677.5,2.34,5.47,-,-,89.6,24.06,-0.01,1,0.79,0,14.12,12.5,-,-11.93,-,-,-,0.79
Thu Dec 21 04:37:55 PST 2023,21-Dec-2023 04:37:57.533,-122.24837680882702,47.341339544565976,0.0,5.8982086181640625,-3.974794117174933,320.20196533203125,-,14.82,208.4,-,1.57,677.75,2.34,3.12,-,-,91.4,24.06,0.02,1.01,0.79,0,14.12,12,-,-11.9,-,-,-,0.79
Thu Dec 21 04:38:01 PST 2023,21-Dec-2023 04:38:03.821,-122.24837680882702,47.341339544565976,0.0,5.90029764175415,-4.529635150865135,320.20196533203125,-,14.8,208.4,-,1.57,689,2.34,5.47,-,-,91.4,24.06,0.01,1.01,0.79,0,14.12,12,-,-11.89,-,-,-,0.79
Thu Dec 21 04:38:08 PST 2023,21-Dec-2023 04:38:10.112,-122.24837680882702,47.341339544565976,0.0,5.902748107910156,-5.701942573885258,320.20196533203125,-,14.8,208.4,-,1.57,664.5,2.34,3.12,-,-,91.4,24.06,0.01,1.01,0.79,0,14.12,12,-,-11.93,-,-,-,0.79
Thu Dec 21 04:38:14 PST 2023,21-Dec-2023 04:38:16.466,-122.24837680882702,47.341339544565976,0.0,5.904850482940674,-6.301126565592433,320.20196533203125,-,14.72,210.2,-,1.57,639.25,2.34,4.69,-,-,91.4,24.06,-0.01,1,0.79,0,14.12,13.5,-,-11.83,-,-,-,0.79
Thu Dec 21 04:38:20 PST 2023,21-Dec-2023 04:38:22.777,-122.24837680882702,47.341339544565976,0.0,4.454405784606934,-6.922622613355116,320.20196533203125,-,14.8,210.2,-,1.57,634,2.34,4.69,-,-,91.4,22.06,0.01,1.01,0.79,0,14.12,12.5,-,-11.97,-,-,-,0.79
Thu Dec 21 04:38:27 PST 2023,21-Dec-2023 04:38:29.095,-122.24837680882702,47.341339544565976,0.0,5.909407615661621,-6.885095393721623,320.20196533203125,-,14.77,210.2,-,1.57,639.5,2.34,3.12,-,-,91.4,24.06,0,1,0.79,0,14.12,13.5,-,-11.69,-,-,-,0.79
Thu Dec 21 04:38:33 PST 2023,21-Dec-2023 04:38:35.412,-122.24837680882702,47.341339544565976,0.0,4.493827819824219,-6.741045554373674,320.20196533203125,-,14.8,210.2,-,1.57,681.75,2.34,4.69,-,-,91.4,22.06,0.01,1.01,0.79,0,14.12,12,-,-11.97,-,-,-,0.79
Thu Dec 21 04:38:39 PST 2023,21-Dec-2023 04:38:41.771,-122.24837680882702,47.341339544565976,0.0,5.913618087768555,-7.150847314109855,320.20196533203125,-,14.78,210.2,-,1.57,680.75,2.34,3.12,-,-,91.4,24.06,0.01,1.01,0.79,0,14.12,12,-,-11.9,-,-,-,0.79
Thu Dec 21 04:38:46 PST 2023,21-Dec-2023 04:38:48.044,-122.24837680882702,47.341339544565976,0.0,5.633167266845703,-7.417575560654155,320.20196533203125,-,14.82,210.2,-,1.57,672.5,2.34,4.69,-,-,93.2,24.06,0.02,1.01,0.79,0,14.12,12,-,-11.9,-,-,-,0.79
Thu Dec 21 04:38:52 PST 2023,21-Dec-2023 04:38:54.399,-122.24837680882702,47.341339544565976,0.0,5.918198108673096,-7.795821304159752,320.20196533203125,-,14.69,210.2,-,1.96,667.5,2.34,3.12,-,-,93.2,24.06,-0.01,1,0.79,0,14.12,13.5,-,-11.86,-,-,-,0.79
Thu Dec 21 04:38:58 PST 2023,21-Dec-2023 04:39:00.635,-122.24837680882702,47.341339544565976,0.0,5.920300006866455,-8.193435966385387,320.20196533203125,-,14.65,210.2,-,1.57,665,2.34,4.69,-,-,95,24.06,-0.02,1,0.79,0,14.12,12.5,-,-11.84,-,-,-,0.79
Thu Dec 21 04:39:04 PST 2023,21-Dec-2023 04:39:06.968,-122.24837680882702,47.341339544565976,0.0,4.826666831970215,-7.70527858269011,320.20196533203125,-,14.8,210.2,-,1.57,680.25,2.34,1.56,-,-,95,24.06,0.01,1.01,0.79,0,14.12,15.5,-,-11.82,-,-,-,0.79
Thu Dec 21 04:39:12 PST 2023,21-Dec-2023 04:39:14.337,-122.24837680882702,47.341339544565976,0.0,5.925237655639648,-6.555154344760201,320.20196533203125,-,14.82,210.2,-,1.96,676.5,2.34,4.69,-,-,95,26.07,0.02,1.01,0.79,0,14.12,14,-,-11.64,-,-,-,0.79
